Date,Open,High,Low,Close,Prev_Close,Change,Percent_Change,Shares_Traded,Turnover_Cr,PE,PB,Div_Yield,VIX_Open,VIX_High,VIX_Low,VIX_Close,VIX_Prev_Close,VIX_Change,VIX_Percent_Change,Price_Turn,Direction,Near_Close,Near_Contracts,Near_TurnOver,Near_OI,Near_OI_Change,Next_Close,Next_Contracts,Next_TurnOver,Next_OI,Next_OI_Change,Far_Close,Far_Contracts,Far_TurnOver,Far_OI,Far_OI_Change,Week_Day,Week_Num,Trading_Days
27-Nov-2015,7910.6,7959.3,7879.45,7942.7,7883.8,58.9,0.75,154863047,7068.72,21.47,3.19,1.43,16.6875,16.98,16.17,16.73,16.6875,0.04,0.25,0,1,7972.2,139963,834964.88,18727050,-50850,8009.8,3889,23315.4,770250,80325,8049.4,622,3749.11,16200,16200,Fri,W1,24
30-Nov-2015,7936.25,7966,7922.8,7935.25,7942.7,-7.45,-0.09,223041699,15368.67,21.45,3.19,1.43,16.73,17.235,15.8525,16.43,16.73,-0.3,-1.79,0,1,7980.1,108287,647772.5,19202025,474975,8015.7,1840,11056.78,785775,15525,8052.2,482,2910.01,37425,21225,Mon,W1,24
01-Dec-2015,7958.15,7972.15,7934.15,7954.9,7935.25,19.65,0.25,142945421,6796.67,21.51,3.19,1.43,16.43,16.43,15.525,15.635,16.43,-0.8,-4.84,0,1,7987.75,106700,639019.82,19505850,303825,8023.3,2328,14005.81,812550,26775,8061.8,569,3438.37,40800,3375,Tue,W1,24
02-Dec-2015,7976.7,7979.3,7910.8,7931.35,7954.9,-23.55,-0.3,130207404,6242.53,21.44,3.19,1.44,15.635,15.9825,14.725,15.4875,15.635,-0.15,-0.94,1,2,7962.9,100414,599843.67,19342200,-163650,7999.25,2816,16899.14,815925,3375,8039.95,382,2302.93,43500,2700,Wed,W1,24
03-Dec-2015,7902.3,7912.3,7853.3,7864.15,7931.35,-67.2,-0.85,129628400,5636.41,21.26,3.16,1.45,15.4875,16.155,15.1175,16.055,15.4875,0.57,3.66,0,2,7890.8,125397,744376.36,19372950,30750,7929.45,3870,23083.04,862125,46200,7964.95,473,2834.54,46875,3375,Thu,W1,24
04-Dec-2015,7817.6,7821.4,7775.7,7781.9,7864.15,-82.25,-1.05,157231681,7758.36,21.04,3.13,1.46,16.055,16.55,15.5625,16.085,16.055,0.03,0.19,0,2,7820.5,119210,700153.92,19555500,182550,7856.25,4296,25352.13,922050,59925,7893.95,750,4446.07,62925,16050,Fri,W2,24
07-Dec-2015,7816.55,7825.4,7746.05,7765.4,7781.9,-16.5,-0.21,141893279,6403.97,20.99,3.12,1.47,16.085,16.3625,15.79,15.865,16.085,-0.22,-1.37,0,2,7808.8,95802,561637.66,19354950,-200550,7847.2,3882,22869.81,974325,52275,7883,471,2787.32,61500,-1425,Mon,W2,24
08-Dec-2015,7738.5,7771.25,7685.45,7701.7,7765.4,-63.7,-0.82,139318392,5986.06,20.82,3.09,1.48,15.865,16.2425,15.47,15.9725,15.865,0.11,0.68,0,2,7728.6,111164,647246.28,19265025,-89925,7766.35,4858,28402.63,1081575,107250,7805.05,560,3291.33,70350,8850,Tue,W2,24
09-Dec-2015,7695.5,7702.85,7606.9,7612.5,7701.7,-89.2,-1.16,144315690,6599.6,20.58,3.06,1.5,15.9725,16.9175,15.37,16.725,15.9725,0.75,4.71,0,2,7644.35,160403,923759.58,19558275,293250,7681.65,6445,37293.66,1146300,64725,7718.9,1033,6007.17,76950,6600,Wed,W2,24
10-Dec-2015,7643.3,7691.95,7610,7683.3,7612.5,70.8,0.93,145249292,6492.02,20.77,3.09,1.48,16.725,16.725,15.4625,16.2925,16.725,-0.43,-2.59,0,2,7710.75,128395,739709.47,18865800,-692475,7747.35,5468,31639.15,1208475,62175,7783.55,868,5048.5,99450,22500,Thu,W2,24
11-Dec-2015,7699.6,7703.05,7575.3,7610.45,7683.3,-72.85,-0.95,172996480,6894.44,20.57,3.05,1.52,16.2925,17.77,15.0375,17.1825,16.2925,0.89,5.46,0,2,7627.9,154756,887099.3,19444800,579000,7664.95,8341,48046.16,1324200,115725,7701.25,953,5514.19,113625,14175,Fri,W3,24
14-Dec-2015,7558.2,7663.95,7551.05,7650.05,7610.45,39.6,0.52,153492615,6290.42,20.69,3.07,1.51,17.1825,18.365,16.46,17.7975,17.1825,0.62,3.58,1,1,7668,158439,909096.45,19832400,387600,7702.05,6182,35629.9,1398825,74625,7737.2,396,2292.59,121200,7575,Mon,W3,24
15-Dec-2015,7659.15,7705,7625.1,7700.9,7650.05,50.85,0.66,138479057,6152.14,20.82,3.09,1.5,17.7975,18.355,16.1125,17.3425,17.7975,-0.46,-2.56,0,1,7709.4,121040,697015.39,20266650,434250,7743.7,4049,23425.69,1418025,19200,7777.25,429,2493.66,127350,6150,Tue,W3,24
16-Dec-2015,7725.25,7776.6,7715.75,7750.9,7700.9,50,0.65,159149338,6703.76,20.96,3.11,1.49,17.3425,17.3425,14.905,16.7275,17.3425,-0.62,-3.55,0,1,7758.2,135688,789861.81,19505175,-761475,7792.65,10762,62936.99,1578675,160650,7825.7,1466,8605.58,165000,37650,Wed,W3,24
17-Dec-2015,7783.05,7852.9,7737.55,7844.35,7750.9,93.45,1.21,181256780,7367.15,21.21,3.15,1.47,16.7275,16.7275,14.0225,14.215,16.7275,-2.51,-15.02,0,1,7856.4,183952,1076886.03,19054200,-450975,7886.55,15009,88375.68,1958625,379950,7923.75,1322,7796.29,167400,2400,Thu,W3,24
18-Dec-2015,7828.9,7836.15,7753.35,7761.95,7844.35,-82.4,-1.05,197319843,8074.5,20.99,3.11,1.49,14.215,14.705,13.0375,14.4925,14.215,0.28,1.95,0,1,7790.1,145614,853422.7,18627975,-426225,7822.5,11297,66522.4,1745100,-213525,7856.85,1302,7688.41,152850,-14550,Fri,W4,24
21-Dec-2015,7745.65,7840.75,7733.45,7834.45,7761.95,72.5,0.93,130174102,5558.38,21.19,3.14,1.48,14.4925,14.9775,12.98,14.225,14.4925,-0.27,-1.85,0,1,7841.45,105888,621340.14,18539100,-88875,7871.1,7931,46758.17,1889100,144000,7909.3,1405,8315.71,148500,-4350,Mon,W4,24
22-Dec-2015,7829.4,7846.3,7776.85,7786.1,7834.45,-48.35,-0.62,129633328,5028.11,21.06,3.12,1.49,14.225,14.605,12.225,14.4825,14.225,0.26,1.81,0,1,7785.1,134508,788387.87,18430425,-108675,7816.75,14600,85919.37,2215575,326475,7852.65,1937,11454.5,208125,59625,Tue,W4,24
23-Dec-2015,7830.45,7871.45,7826.1,7865.95,7786.1,79.85,1.03,121480721,4663.45,21.27,3.15,1.47,14.4825,14.4825,12.625,13.6525,14.4825,-0.83,-5.73,0,1,7864,132290,779830.11,17115975,-1314450,7894.1,32034,189558.84,3483300,1267725,7925.6,1674,9947,230700,22575,Wed,W4,24
24-Dec-2015,7888.75,7888.75,7835.5,7861.05,7865.95,-4.9,-0.06,96374245,3383.99,21.26,3.15,1.47,13.6525,13.94,11.2025,13.745,13.6525,0.09,0.68,0,1,7871.75,81579,481072.53,16400850,-715125,7902.15,20797,123102.43,4108500,625200,7931.7,939,5580.04,229500,-1200,Thu,W4,24
28-Dec-2015,7863.2,7937.2,7863,7925.15,7861.05,64.1,0.82,126737811,5755.48,21.43,3.18,1.46,13.745,14.525,10.375,14.4025,13.745,0.66,4.78,0,1,7908.55,135213,801384.24,15098100,-1302750,7934.65,55283,328809.04,7081500,2973000,7957.45,2190,13068.65,314400,84900,Mon,WX,24
29-Dec-2015,7929.2,7942.15,7902.75,7928.95,7925.15,3.8,0.05,116535971,4950.36,21.44,3.18,1.46,14.4025,14.71,13.3325,14.235,14.4025,-0.17,-1.16,0,1,7932.05,148627,883005.44,12690450,-2407650,7955.85,90283,537836.02,11513850,4432350,7981.3,2010,12016.94,367200,52800,Tue,WX,24
30-Dec-2015,7938.6,7944.75,7889.85,7896.25,7928.95,-32.7,-0.41,110145855,4392.87,21.35,3.17,1.46,14.235,14.495,12.7825,14.35,14.235,0.12,0.81,0,1,7901.9,118301,702661.44,10155600,-2534850,7925.05,70238,418456.99,14327550,2813700,7948.05,2929,17497.1,484350,117150,Wed,WX,24
31-Dec-2015,7897.8,7955.55,7891.15,7946.35,7896.25,50.1,0.63,155645098,6780.85,21.49,3.19,1.46,14.35,14.4875,12.9825,13.87,14.35,-0.48,-3.34,0,1,7941.5,152773,907329.73,6550125,-3605475,7952.05,121751,724817.74,18977400,4649850,7972.45,2321,13854.92,555900,71550,Thu,WX,24
01-Jan-2016,7938.45,7972.55,7909.8,7963.2,7946.35,16.85,0.21,64843836,2613.91,21.53,3.19,1.45,13.87,14.3475,13.105,14.26,13.87,0.39,2.81,1,2,7982,78099,466351.52,19437675,460275,8001.1,2382,14260.17,576075,20175,8036.7,1404,8442.67,39900,39900,Fri,W1,19
04-Jan-2016,7924.55,7937.55,7781.1,7791.3,7963.2,-171.9,-2.16,138864905,5897.08,21.07,3.13,1.48,14.26,17.1025,14.03,16.835,14.26,2.58,18.06,0,2,7809.8,217442,1281367.25,20242200,804525,7832.15,7026,41506.37,602400,26325,7864.1,1877,11135.59,87750,47850,Mon,W1,19
05-Jan-2016,7828.4,7831.2,7763.25,7784.65,7791.3,-6.65,-0.09,149672973,5948.51,21.05,3.12,1.49,16.835,16.835,15.5675,16.7025,16.835,-0.13,-0.79,0,2,7802.75,141286,827890,20717700,475500,7823.35,5568,32716.48,638175,35775,7864.95,1815,10712.62,154125,66375,Tue,W1,19
06-Jan-2016,7788.05,7800.95,7721.2,7741,7784.65,-43.65,-0.56,151715828,6722.17,20.93,3.1,1.49,16.7025,17.1625,15.6075,16.5525,16.7025,-0.15,-0.9,0,2,7750.05,162041,944997.4,20817075,99375,7773.45,5370,31397.51,696300,58125,7812.15,1936,11385.69,190725,36600,Wed,W1,19
07-Jan-2016,7673.35,7674.95,7556.6,7568.3,7741,-172.7,-2.23,194732861,7803.21,20.47,3.04,1.53,16.5525,19.255,16.49,18.96,16.5525,2.41,14.54,0,2,7582.05,222028,1268076.36,21577725,760650,7606.65,10027,57457.66,808575,112275,7643,2845,16381.01,249750,59025,Thu,W1,19
08-Jan-2016,7611.65,7634.1,7581.05,7601.35,7568.3,33.05,0.44,162348690,6753.57,20.56,3.05,1.52,18.96,18.96,16.8725,17.7975,18.96,-1.16,-6.13,0,2,7605.2,147344,841642.99,21614100,36375,7627.35,4401,25213.58,810750,2175,7659.3,1923,11064.57,260175,10425,Fri,W2,19
11-Jan-2016,7527.45,7605.1,7494.35,7563.85,7601.35,-37.5,-0.49,194836791,7327.15,20.46,3.03,1.53,17.7975,19.2025,17.7975,18.69,17.7975,0.89,5.01,0,2,7583.75,197958,1122103.81,21964275,350175,7609.3,7385,41987.23,919650,108900,7639.7,2182,12455.29,277875,17700,Mon,W2,19
12-Jan-2016,7587.2,7588.3,7487.8,7510.3,7563.85,-53.55,-0.71,168975973,7071.48,20.31,3.01,1.54,18.69,19.1875,17.15,18.7125,18.69,0.02,0.12,0,2,7534.05,155098,876451.89,21793425,-170850,7557.35,7356,41699.7,1052025,132375,7584.05,1197,6812.02,303075,25200,Tue,W2,19
13-Jan-2016,7557.9,7590.95,7425.8,7562.4,7510.3,52.1,0.69,221908258,9585.17,20.45,3.03,1.53,18.7125,19.6625,17.5225,18.3525,18.7125,-0.36,-1.92,0,2,7574.55,298262,1684062.61,22206975,413550,7597.1,13234,74904.91,1190925,138900,7626.5,2335,13259.41,323625,20550,Wed,W2,19
14-Jan-2016,7467.4,7604.8,7443.8,7536.8,7562.4,-25.6,-0.34,206988549,9246.75,20.38,3.02,1.53,18.3525,19.7875,16.465,18.605,18.3525,0.25,1.38,0,2,7540.55,254703,1438329.81,22365600,158625,7559.25,17234,97660.32,1574925,384000,7587.65,2390,13580.6,356250,32625,Thu,W2,19
15-Jan-2016,7561.65,7566.5,7427.3,7437.8,7536.8,-99,-1.31,203643071,8279.07,20.12,2.98,1.55,18.605,19.69,15.6725,19.415,18.605,0.81,4.35,0,2,7446.25,191584,1077244.27,22631100,265500,7466.35,11968,67463.75,1821900,246975,7494.55,1532,8663.61,368025,11775,Fri,W3,19
18-Jan-2016,7420.35,7463.65,7336.4,7351,7437.8,-86.8,-1.17,240798183,8431.56,19.86,2.95,1.57,19.415,20.54,18.1025,20.225,19.415,0.81,4.17,0,2,7372.25,203075,1130043.04,21252375,-1378725,7391.25,12283,68515,1984575,162675,7416.5,2401,13430.57,390000,21975,Mon,W3,19
19-Jan-2016,7381.8,7462.75,7364.15,7435.1,7351,84.1,1.14,194068339,7038.84,20.08,2.98,1.56,20.225,20.225,17.93,18.43,20.225,-1.8,-8.88,0,2,7438.1,181759,1012419.66,20819100,-433275,7457.2,12206,68175.99,2101350,116775,7483.5,2723,15271.98,410475,20475,Tue,W3,19
20-Jan-2016,7357,7470.9,7241.5,7309.3,7435.1,-125.8,-1.69,232614141,8794.16,19.74,2.93,1.58,18.43,22.1075,17.1875,20.965,18.43,2.54,13.75,1,1,7306.95,227701,1246183.13,20803575,-15525,7323.25,26003,142561.01,2598750,497400,7344.45,5261,28927.47,507000,96525,Wed,W3,19
21-Jan-2016,7376.65,7398.7,7250,7276.8,7309.3,-32.5,-0.44,248113284,9401.16,19.65,2.92,1.59,20.965,21.6925,17.8525,20.8125,20.965,-0.15,-0.73,0,1,7290.85,253543,1391242.61,19551300,-1252275,7302.7,34642,190282.77,3478125,879375,7319.75,4430,24393.94,613650,106650,Thu,W3,19
22-Jan-2016,7355.7,7433.4,7327.6,7422.45,7276.8,145.65,2,236282061,7666.39,20.01,2.98,1.56,20.8125,20.8125,17.1175,18.82,20.8125,-1.99,-9.57,0,1,7430.7,207582,1152432.52,18487500,-1063800,7443.1,44280,246197.05,4821000,1342875,7455.45,3485,19417.08,646950,33300,Fri,WX,19
25-Jan-2016,7468.75,7487.15,7421.2,7436.15,7422.45,13.7,0.18,168202502,5910.99,20.04,2.98,1.56,18.82,19.1475,17.2125,18.265,18.82,-0.56,-2.95,0,1,7435.45,192361,1074995.23,15204900,-3282600,7443.45,85259,477162.43,7998075,3177075,7458.65,4011,22467.52,748200,101250,Mon,WX,19
27-Jan-2016,7469.6,7477.9,7419.7,7437.75,7436.15,1.6,0.02,193389891,6834.77,20.05,2.98,1.55,18.265,19.27,17.935,19.0575,18.265,0.79,4.34,0,1,7433.4,209277,1167730.6,12215625,-2989275,7443.3,142781,797348.39,14898075,6900000,7455.75,3278,18342.11,820950,72750,Wed,WX,19
28-Jan-2016,7426.5,7468.85,7409.6,7424.65,7437.75,-13.1,-0.18,283036298,10049.88,19.85,2.98,1.56,19.0575,19.0575,17.2575,17.9,19.0575,-1.16,-6.07,0,1,7428.3,180534,1007067.02,8216925,-3998700,7448.35,122239,683191.4,18827850,3929775,7463.4,4768,26699.55,913050,92100,Thu,WX,19
29-Jan-2016,7413.35,7575.65,7402.8,7563.55,7424.65,138.9,1.87,307934042,11277.33,20.22,3.03,1.53,17.9,18.8,17.075,17.24,17.9,-0.66,-3.69,0,1,7568.05,206769,1165646.52,19375575,547725,7581.75,5789,32690.72,985200,72150,7603.45,777,4408.37,37800,37800,Fri,W1,20
01-Feb-2016,7589.5,7600.45,7541.25,7555.95,7563.55,-7.6,-0.1,206645021,8209.5,20.22,3.03,1.53,17.24,18.1725,17.125,17.89,17.24,0.65,3.77,1,2,7565.35,124799,709340.75,20065575,690000,7579.5,5296,30156.03,1015050,29850,7604.55,1043,5962.38,75750,37950,Mon,W1,20
02-Feb-2016,7566.65,7576.3,7428.05,7455.55,7555.95,-100.4,-1.33,237338907,8030.99,19.9,2.99,1.55,17.89,18.35,16.4875,18.035,17.89,0.15,0.81,0,2,7474.95,202973,1146728.63,19334400,-731175,7490.35,8123,45999.5,1026525,11475,7520.75,2037,11566.81,161700,85950,Tue,W1,20
03-Feb-2016,7392.45,7419.4,7350.3,7361.8,7455.55,-93.75,-1.26,197863301,6748.17,19.65,2.95,1.57,18.035,18.94,18.015,18.5875,18.035,0.55,3.06,0,2,7383.5,161319,895342.41,19463475,129075,7398.1,9139,50822.44,1117875,91350,7422.1,1769,9867.65,226650,64950,Wed,W1,20
04-Feb-2016,7411.45,7457.05,7365.95,7404,7361.8,42.2,0.57,229563364,7465.35,19.76,2.97,1.56,18.5875,18.6525,17.325,18.2075,18.5875,-0.38,-2.04,0,2,7422.65,173559,967156.54,18909600,-553875,7437.7,7482,41782.26,1172250,54375,7465.55,1648,9233.68,288750,62100,Thu,W1,20
05-Feb-2016,7418.25,7503.15,7406.65,7489.1,7404,85.1,1.15,257518899,8628.24,19.99,3,1.54,18.2075,18.3275,16.5425,18.115,18.2075,-0.09,-0.51,0,2,7519.2,176039,988579.64,18489150,-420450,7537.85,6822,38408.9,1240500,68250,7563.45,1611,9096.79,337875,49125,Fri,W2,20
08-Feb-2016,7489.7,7512.55,7363.2,7387.25,7489.1,-101.85,-1.36,176758985,5746.45,19.69,2.96,1.57,18.115,20.4525,17.36,20.2575,18.115,2.14,11.83,0,2,7393.45,186483,1043900.36,19300125,810975,7412.8,8117,45576.57,1272525,32025,7445.45,1248,7020.96,369825,31950,Mon,W2,20
09-Feb-2016,7303.95,7323.45,7275.15,7298.2,7387.25,-89.05,-1.21,218730280,7415.13,19.46,2.93,1.58,20.2575,22.0325,20.2475,21.7275,20.2575,1.47,7.26,0,2,7325.05,185925,1021407.94,18559125,-741000,7344.45,9463,52124.13,1302300,29775,7370.45,1765,9758.72,411525,41700,Tue,W2,20
10-Feb-2016,7264.3,7271.85,7177.75,7215.7,7298.2,-82.5,-1.13,254481339,8129.65,19.27,2.89,1.6,21.7275,23.095,21.435,22.465,21.7275,0.74,3.39,0,2,7246.55,242379,1318174.66,18663375,104250,7264.4,13898,75793.75,1668000,365700,7297.5,2035,11140.07,440025,28500,Wed,W2,20
11-Feb-2016,7203.6,7208.65,6959.95,6976.35,7215.7,-239.35,-3.32,301302956,9250.27,18.65,2.8,1.66,22.465,26.87,22.11,25.965,22.465,3.5,15.58,0,2,6993.45,296451,1576962.7,19754250,1090875,7011.55,20859,111123.53,1983450,315450,7044.95,3463,18544.79,479625,39600,Thu,W2,20
12-Feb-2016,7023.65,7034.8,6869,6980.95,6976.35,4.6,0.07,344210729,11062.63,18.67,2.8,1.66,25.965,25.97,24.0075,24.6725,25.965,-1.29,-4.98,1,1,6990,301936,1579218.93,20826075,1071825,7008.9,20883,109386.08,2176800,193350,7041.75,3316,17446.11,468075,-11550,Fri,W3,20
15-Feb-2016,7057.35,7182.8,7056.8,7162.95,6980.95,182,2.61,365217073,10204.34,19.32,2.87,1.61,24.6725,24.6725,21.7975,22.375,24.6725,-2.3,-9.31,0,1,7161.45,204947,1098566.11,20424450,-401625,7179.15,14198,76276.18,2300400,123600,7206.55,2372,12790.55,475575,7500,Mon,W3,20
16-Feb-2016,7201.25,7204.65,7037.7,7048.25,7162.95,-114.7,-1.6,261607451,7638.39,19.01,2.83,1.64,22.375,23.33,17.32,23.04,22.375,0.67,2.97,0,1,7054.1,227590,1214998,21186750,762300,7071.4,18136,97147.57,2825850,525450,7096.2,1633,8775.87,500100,24525,Tue,W3,20
17-Feb-2016,7058.85,7123.7,6960.65,7108.45,7048.25,60.2,0.85,268017961,7686.32,19.18,2.85,1.63,23.04,23.805,20.6375,21.8325,23.04,-1.21,-5.24,0,1,7120.9,257745,1362487.95,21102600,-84150,7136.95,20377,107938.89,3159675,333825,7164.9,1760,9355.87,508500,8400,Wed,W3,20
18-Feb-2016,7177.4,7215.1,7127.85,7191.75,7108.45,83.3,1.17,254331498,8051.51,19.44,2.89,1.61,21.8325,22.3,19.79,21.485,21.8325,-0.35,-1.59,0,1,7190.85,229991,1238167.75,21626925,524325,7210.8,28515,153872.98,3901125,741450,7241.6,2126,11523.7,554550,46050,Thu,W3,20
19-Feb-2016,7170.55,7226.85,7145.95,7210.75,7191.75,19,0.26,198206480,6156.58,19.5,2.89,1.6,21.485,21.6625,17.6975,20.915,21.485,-0.57,-2.65,0,1,7212.45,173846,938171.38,20550225,-1076700,7232.2,27158,146936.43,4601550,700425,7263.4,1157,6285.75,567975,13425,Fri,WX,20
22-Feb-2016,7208.85,7252.4,7200.7,7234.55,7210.75,23.8,0.33,159162842,5832.89,19.56,2.9,1.6,20.915,21.8625,17.4075,21.02,20.915,0.11,0.5,1,2,7240.7,141147,765871.15,18609075,-1941150,7258.25,40418,219850.82,6271200,1669650,7288.4,1000,5461.86,571950,3975,Mon,WX,20
23-Feb-2016,7240.3,7241.7,7090.7,7109.55,7234.55,-125,-1.73,200396978,6433.16,19.23,2.85,1.63,21.02,24.64,21.02,23.8375,21.02,2.82,13.4,0,2,7113.1,270895,1452309.66,14330250,-4278825,7132.7,102725,552697.86,10215750,3944550,7162.6,2181,11781.75,589800,17850,Tue,WX,20
24-Feb-2016,7075,7090.8,7009.75,7018.7,7109.55,-90.85,-1.28,205898417,6497.18,18.98,2.82,1.65,23.8375,24.815,22.1275,22.955,23.8375,-0.88,-3.7,0,2,7019.05,249884,1322698.67,11349900,-2980350,7041.65,132858,705328.99,14171850,3956100,7072.65,3298,17584.86,613275,23475,Wed,WX,20
25-Feb-2016,7029.85,7034.2,6961.4,6970.6,7018.7,-48.1,-0.69,291932544,9090.16,18.85,2.8,1.66,22.955,23.4875,22.1975,22.745,22.955,-0.21,-0.91,0,2,6968.5,244599,1282970.77,9172350,-2177550,7001.1,175263,922766.46,18663000,4491150,7032.65,3733,19751.7,667800,54525,Thu,WX,20
26-Feb-2016,7039.3,7052.9,6985.1,7029.75,6970.6,59.15,0.85,213142575,6880.96,19.01,2.82,1.65,22.745,23.145,21.19,21.865,22.745,-0.88,-3.87,0,2,7055.15,170796,902583.74,18500850,-162150,7084.1,9010,47817.03,1083975,416175,7104,5611,29877.07,389475,389475,Fri,W1,22
29-Feb-2016,7050.45,7094.6,6825.8,6987.05,7029.75,-42.7,-0.61,487969285,15992.15,18.9,2.81,1.66,21.865,22.405,19.355,20.1575,21.865,-1.71,-7.81,1,1,7008.95,413570,2175009.2,18051750,-449100,7040.05,11104,58650.67,1189875,105900,7058.4,1447,7668.89,410250,20775,Mon,W1,22
01-Mar-2016,7038.25,7235.5,7035.1,7222.3,6987.05,235.25,3.37,283561570,9896.58,19.53,2.9,1.6,20.1575,20.1575,18.4025,18.6725,20.1575,-1.49,-7.37,0,1,7229.05,236798,1273066.1,18579675,527925,7255.2,5883,31779.98,1294200,104325,7269.1,3829,20806.29,433800,23550,Tue,W1,22
02-Mar-2016,7321.7,7380.35,7308.15,7368.85,7222.3,146.55,2.03,348965708,10983.06,19.93,2.96,1.57,18.6725,19.2,17.495,18.99,18.6725,0.32,1.7,0,1,7361.55,222864,1227269.34,19947525,1367850,7388.4,5666,31316.61,1399200,105000,7398.3,3147,17410.02,465000,31200,Wed,W1,22
03-Mar-2016,7429.55,7483.95,7406.05,7475.6,7368.85,106.75,1.45,287248532,9255.43,20.22,3,1.55,18.99,19.02,17.9075,18.04,18.99,-0.95,-5,0,1,7449.55,171087,951224.76,21324300,1376775,7475,8325,46490.47,1528125,128925,7489.45,4209,23601.43,430575,-34425,Thu,W1,22
04-Mar-2016,7505.4,7505.9,7444.1,7485.35,7475.6,9.75,0.13,290441230,8135.06,20.24,3.01,1.55,18.04,18.315,17.2,17.8825,18.04,-0.16,-0.87,1,3,7460.35,157476,878360.24,22223775,899475,7487.75,5484,30705.38,1641225,113100,7505.45,1277,7164.3,460425,29850,Fri,W2,22
08-Mar-2016,7486.4,7527.15,7442.15,7485.3,7485.35,-0.05,0,264945393,8417.86,20.2,3,1.55,17.8825,18.975,17.41,18.465,17.8825,0.58,3.26,0,3,7452.65,151479,847159.19,22998675,774900,7482.2,5585,31363.83,1749675,108450,7496.25,974,5475.5,486000,25575,Tue,W2,22
09-Mar-2016,7436.1,7539,7424.3,7531.8,7485.3,46.5,0.62,252709391,9036.29,20.33,3.02,1.54,18.465,18.675,17.315,17.505,18.465,-0.96,-5.2,0,3,7535.05,177661,996255.46,22585875,-412800,7567.25,6890,38826.9,1872750,123075,7579.55,1213,6838.16,521850,35850,Wed,W2,22
10-Mar-2016,7545.35,7547.1,7447.4,7486.15,7531.8,-45.65,-0.61,231584305,8875.92,20.2,3,1.55,17.505,18.24,16.2675,17.895,17.505,0.39,2.23,0,3,7483.7,182516,1023835.38,21783675,-802200,7523.75,7837,44138,1998000,125250,7540.1,2563,14468.43,649575,127725,Thu,W2,22
11-Mar-2016,7484.85,7543.95,7460.6,7510.2,7486.15,24.05,0.32,204806572,7558.55,20.27,3.01,1.54,17.895,17.895,16.0325,17.0975,17.895,-0.8,-4.46,0,3,7512.2,206282,1160802.82,22004925,221250,7548.75,7930,44841.45,2091075,93075,7569.45,1611,9135.58,674850,25275,Fri,W3,22
14-Mar-2016,7542.6,7583.7,7515.05,7538.75,7510.2,28.55,0.38,172067214,6330.45,20.35,3.02,1.54,17.0975,17.4,15.585,17.1025,17.0975,0.01,0.03,0,3,7546.85,144035,816610.51,21755325,-249600,7583.85,9883,56281.62,2276250,185175,7598.35,2837,16198.29,713400,38550,Mon,W3,22
15-Mar-2016,7535.85,7545.2,7452.8,7460.6,7538.75,-78.15,-1.04,199653871,7577.78,20.14,2.99,1.55,17.1025,17.84,15.23,17.5975,17.1025,0.5,2.89,0,3,7485.4,151477,852353.83,21594900,-160425,7523.95,8002,45249.94,2398350,122100,7545.8,1867,10591.26,759600,46200,Tue,W3,22
16-Mar-2016,7457.05,7508,7405.15,7498.75,7460.6,38.15,0.51,201430035,7102.59,20.24,3,1.55,17.5975,17.88,14.5975,17.115,17.5975,-0.48,-2.74,1,1,7527,189428,1063006.88,21717300,122400,7565.3,21950,123995.64,3421350,1023000,7587.35,1506,8516.92,792600,33000,Wed,W3,22
17-Mar-2016,7557.4,7585.3,7479.4,7512.55,7498.75,13.8,0.18,247043954,9539.89,20.28,3.01,1.54,17.115,17.275,15.5575,16.84,17.115,-0.28,-1.61,0,1,7512.75,201036,1140082.19,21488700,-228600,7553.15,12528,71481.39,3568200,146850,7576.8,5121,29315.72,912375,119775,Thu,W3,22
18-Mar-2016,7534.65,7613.6,7517.9,7604.35,7512.55,91.8,1.22,244727490,9971.59,20.52,3.05,1.52,16.84,16.8675,14.9,16.3825,16.84,-0.46,-2.72,0,1,7605.3,211934,1203630.46,22260225,771525,7645.45,14550,83123.45,3899325,331125,7658.95,3442,19718.87,997650,85275,Fri,W4,22
21-Mar-2016,7619.2,7713.55,7617.7,7704.25,7604.35,99.9,1.31,202853386,8381.51,20.79,3.09,1.5,16.3825,17.11,14.8325,16.3325,16.3825,-0.05,-0.31,0,1,7713.35,197326,1134887.88,21508425,-751800,7750.8,17047,98603.88,4290900,391575,7763.7,2315,13412.47,1075425,77775,Mon,W4,22
22-Mar-2016,7695.55,7728.2,7643.8,7714.9,7704.25,10.65,0.14,215355848,8628.05,20.82,3.09,1.5,16.3325,16.8625,13.695,16.43,16.3325,0.1,0.6,0,1,7726.25,182128,1051602.41,21095025,-413400,7768.1,23568,136819.35,4597050,306150,7782.8,1945,11309.17,1149300,73875,Tue,W4,22
23-Mar-2016,7717.45,7726.85,7670.6,7716.5,7714.9,1.6,0.02,205794773,7612.54,20.83,3.09,1.5,16.43,16.87,13.9475,16.345,16.43,-0.09,-0.52,0,1,7736.3,163852,947862.04,21734325,639300,7780.55,23655,137563.58,4903875,306825,7801.2,1724,10047.42,1191825,42525,Wed,W4,22
28-Mar-2016,7741,7749.4,7587.7,7615.1,7716.5,-101.4,-1.31,249905118,10102.36,20.55,3.05,1.52,16.345,18.57,15.1825,17.485,16.345,1.14,6.97,0,1,7638.6,201820,1161616.54,18747450,-2986875,7687.1,68408,396423.93,6575175,1671300,7718.65,4886,28337.25,1333950,142125,Mon,WX,22
29-Mar-2016,7606.55,7652.9,7582.25,7597,7615.1,-18.1,-0.24,223493457,10474.75,20.5,3.04,1.52,17.485,18.04,16.805,17.6375,17.485,0.15,0.87,0,1,7620.05,231504,1325374.87,16052700,-2694750,7666.4,114926,662065.11,11329050,4753875,7699.45,6436,37238.26,1414275,80325,Tue,WX,22
30-Mar-2016,7651.1,7741.95,7643.45,7735.2,7597,138.2,1.82,239843751,9908.6,20.88,3.1,1.49,17.6375,17.6375,16.57,16.8075,17.6375,-0.83,-4.71,0,1,7741,191813,1107680.21,14463975,-1588725,7783.35,96440,560329.76,14190675,2861625,7814.9,4822,28132.14,1467750,53475,Wed,WX,22
31-Mar-2016,7727.65,7777.6,7702,7738.4,7735.2,3.2,0.04,391914059,15918.74,20.89,3.1,1.49,16.8075,16.885,15.4975,16.5825,16.8075,-0.23,-1.34,1,2,7740.2,252912,1470441.76,12064350,-2399625,7784.4,175737,1026787.03,18868800,4678125,7811.55,8365,49033.22,1537875,70125,Thu,WX,22
01-Apr-2016,7718.05,7740.15,7666.1,7713.05,7738.4,-25.35,-0.33,189571551,8118.47,21.19,3.26,1.45,16.5825,17.895,16.2925,17.2775,16.5825,0.7,4.19,0,2,7748.75,182603,1059796.41,18512700,-356100,7776.2,10441,60795.73,1567200,29325,7793.4,917,5354.88,46950,46950,Fri,W1,17
04-Apr-2016,7733.15,7764.45,7704.4,7758.8,7713.05,45.75,0.59,160277940,6506.44,21.31,3.28,1.44,17.2775,18.1675,16.23,17.45,17.2775,0.17,1,0,2,7790.75,111189,648023.7,18772500,259800,7820.7,8523,49873.43,1526100,-41100,7833.8,1721,10089.06,156900,109950,Mon,W1,17
05-Apr-2016,7736.3,7736.3,7588.65,7603.2,7758.8,-155.6,-2.01,210126897,8412.34,20.88,3.21,1.47,17.45,18.0625,16.885,17.83,17.45,0.38,2.18,0,2,7623.5,262468,1512563.32,17846025,-926475,7657.7,8646,50027.94,1574025,47925,7668.5,1392,8055.38,196500,39600,Tue,W1,17
06-Apr-2016,7636.05,7638.65,7591.75,7614.35,7603.2,11.15,0.15,170653808,6802.69,20.91,3.22,1.47,17.83,17.9225,16.125,17.345,17.83,-0.49,-2.72,0,2,7634.7,136350,780361.28,17145300,-700725,7667.75,3244,18649.28,1578825,4800,7678.6,1099,6327.92,212775,16275,Wed,W1,17
07-Apr-2016,7630.4,7630.75,7535.85,7546.45,7614.35,-67.9,-0.89,241684050,7709.23,20.73,3.19,1.48,17.345,17.4225,16.335,16.935,17.345,-0.41,-2.36,0,2,7565.05,184929,1053098.22,15734700,-1410600,7599.3,4707,26921.34,1587225,8400,7608.9,1177,6737.71,237900,25125,Thu,W1,17
08-Apr-2016,7542.35,7569.35,7526.7,7555.2,7546.45,8.75,0.12,147816460,5981.23,20.75,3.19,1.48,16.935,16.935,15.1975,16.4325,16.935,-0.5,-2.97,0,2,7578.1,120237,683238.95,15691500,-43200,7611.85,4505,25717.68,1673925,86700,7619.15,1354,7736.58,279225,41325,Fri,W2,17
11-Apr-2016,7577.8,7678.8,7516.85,7671.4,7555.2,116.2,1.54,185353268,7055.61,21.07,3.24,1.45,16.4325,16.79,14.88,16.0125,16.4325,-0.42,-2.56,1,1,7702.1,209196,1196778.71,15376500,-315000,7735.3,6665,38320.76,1781400,107475,7745,1178,6779.88,296175,16950,Mon,W2,17
12-Apr-2016,7669.25,7717.4,7663.35,7708.95,7671.4,37.55,0.49,168508978,6945.44,21.17,3.26,1.45,16.0125,16.3025,14.6525,16.025,16.0125,0.01,0.08,0,1,7732.8,152533,882632.64,14869500,-507000,7764.6,5317,30899.16,1859775,78375,7773.75,2036,11843.58,364650,68475,Tue,W2,17
13-Apr-2016,7777.15,7864.8,7772.2,7850.45,7708.95,141.5,1.84,227217288,10071.44,21.56,3.32,1.42,16.025,16.12,13.55,16.035,16.025,0.01,0.06,0,1,7867.85,194633,1146722.11,16215450,1345950,7902.55,11057,65427.19,2204325,344550,7914.6,2417,14326.97,397350,32700,Wed,W2,17
18-Apr-2016,7908.15,7920.6,7842.75,7914.7,7850.45,64.25,0.82,190258561,10356.03,21.68,3.34,1.41,16.035,17.4175,14.14,16.9475,16.035,0.91,5.69,0,1,7920.3,156255,925232.68,15860400,-355050,7955.8,9025,53684.18,2407650,203325,7966.75,2420,14407.33,463125,65775,Mon,W3,17
20-Apr-2016,7950.05,7950.4,7877.55,7914.75,7914.7,0.05,0,211630060,10069.83,21.59,3.34,1.41,16.9475,17.52,15.4325,17.075,16.9475,0.13,0.75,0,1,7929.85,180999,1076185.25,16377450,517050,7969.9,15318,91508.28,2898900,491250,7982.4,2479,14835.71,501900,38775,Wed,W3,17
21-Apr-2016,7953.65,7978.45,7884.1,7912.05,7914.75,-2.7,-0.03,230577117,9613.3,21.59,3.34,1.41,17.075,17.075,15.6375,16.5125,17.075,-0.56,-3.29,1,3,7913.35,163044,970777.11,15971475,-405975,7951.75,16138,96584.41,3325200,426300,7966.45,1757,10525.17,541800,39900,Thu,W3,17
22-Apr-2016,7891.8,7923.35,7873.35,7899.3,7912.05,-12.75,-0.16,188988540,7714.04,21.55,3.29,1.36,16.5125,16.8575,15.335,16.38,16.5125,-0.13,-0.8,0,3,7911.15,130631,775225.64,15685800,-285675,7952.1,21035,125491.52,4065750,740550,7962.4,1968,11758.68,538800,-3000,Fri,WX,17
25-Apr-2016,7894.8,7911,7827,7855.05,7899.3,-44.25,-0.56,150776959,7362.13,21.4,3.27,1.37,16.38,17.03,16.1275,16.5725,16.38,0.19,1.18,0,3,7865,149169,879609.32,14005650,-1680150,7901.5,42874,254087.34,5803500,1737750,7915.65,2523,14965.92,598950,60150,Mon,WX,17
26-Apr-2016,7828.15,7974.5,7822.55,7962.65,7855.05,107.6,1.37,208656803,9686.21,21.6,3.32,1.35,16.5725,16.8175,15.6425,16.58,16.5725,0.01,0.05,0,3,7979.15,235865,1400625.02,11784000,-2221650,8017.2,124146,740057.99,11811975,6008475,8032,3235,19372.26,653100,54150,Tue,WX,17
27-Apr-2016,7942,7991,7940.55,7979.9,7962.65,17.25,0.22,213174058,9669.04,21.66,3.33,1.35,16.58,16.79,16.2275,16.3525,16.58,-0.23,-1.37,0,3,7990.35,134920,807323.26,9708750,-2075250,8029.95,83522,502205.61,15854025,4042050,8040.95,1957,11783.45,673800,20700,Wed,WX,17
28-Apr-2016,7967.4,7992,7834.45,7847.25,7979.9,-132.65,-1.66,301485186,14943.3,21.3,3.27,1.37,16.3525,16.77,15.3075,16.5975,16.3525,0.25,1.5,0,3,7853.45,242315,1439061.68,7405800,-2302950,7895.3,188734,1125014.54,20136450,4282425,7910.35,6453,38530.72,850125,176325,Thu,WX,17
29-Apr-2016,7844.25,7889.05,7788.7,7849.8,7847.25,2.55,0.03,251227047,9872.58,21.24,3.27,1.37,16.5975,17.24,15.63,16.5375,16.5975,-0.06,-0.36,0,3,7894.8,208110,1230525.26,20661825,525375,7907.6,6777,40123.66,991575,141450,7926.25,417,2474.45,10575,10575,Fri,W1,20
02-May-2016,7822.7,7829.8,7777.3,7805.9,7849.8,-43.9,-0.56,150818181,6079.16,21.25,3.25,1.38,16.5375,17.655,16.5375,17.0925,16.5375,0.56,3.36,0,3,7840.1,148514,872983.59,19812750,-849075,7853.5,5087,29948.6,1117875,126300,7875.4,376,2220.89,18375,7800,Mon,W1,20
03-May-2016,7824.8,7890.25,7735.15,7747,7805.9,-58.9,-0.75,192271370,8536.83,21.08,3.23,1.39,17.0925,18.0825,15.605,17.4625,17.0925,0.37,2.16,0,3,7783.8,245455,1445010.47,19795650,-17100,7796.7,8814,51973.76,1276725,158850,7818.9,624,3690.72,27000,8625,Tue,W1,20
04-May-2016,7724.15,7749,7697.25,7706.55,7747,-40.45,-0.52,205939089,7816.27,20.88,3.21,1.39,17.4625,17.7825,16.2675,17.445,17.4625,-0.02,-0.1,0,3,7732.75,163238,949483.81,19191900,-603750,7747.35,4830,28143.11,1310925,34200,7766.6,632,3691.76,32025,5025,Wed,W1,20
05-May-2016,7731,7777.55,7706.85,7735.5,7706.55,28.95,0.38,190792828,8089.45,20.96,3.22,1.39,17.445,17.48,15.7275,17.17,17.445,-0.28,-1.58,0,3,7773.1,186202,1084905.24,18252900,-939000,7786.9,4760,27785.4,1323375,12450,7808.25,561,3284.61,39075,7050,Thu,W1,20
06-May-2016,7717.65,7738.9,7678.35,7733.45,7735.5,-2.05,-0.03,168662226,6296.51,20.91,3.22,1.39,17.17,17.5025,16.055,16.9475,17.17,-0.22,-1.3,0,3,7760.25,145857,846292.44,17608650,-644250,7771.7,4737,27543.9,1353075,29700,7791.95,466,2715.43,49125,10050,Fri,W2,20
09-May-2016,7755.25,7873.65,7753.55,7866.05,7733.45,132.6,1.71,165616829,7559.77,21.24,3.28,1.37,16.9475,16.9475,15.2175,16.6125,16.9475,-0.34,-1.98,0,3,7904.3,202463,1194519.41,18218475,609825,7914.4,8192,48425.42,1496325,143250,7931.45,1124,6661.79,70800,21675,Mon,W2,20
10-May-2016,7873.55,7896.9,7837.7,7887.8,7866.05,21.75,0.28,166957276,7306.72,21.3,3.29,1.36,16.6125,17.185,15.0225,16.415,16.6125,-0.2,-1.19,0,3,7919.75,143307,849071.59,18483450,264975,7930.45,4704,27917.51,1515225,18900,7946.85,1057,6285.95,90150,19350,Tue,W2,20
11-May-2016,7804.65,7893.1,7780.9,7848.85,7887.8,-38.95,-0.49,220712496,9394.05,21.19,3.27,1.37,16.415,17.4625,15.5375,16.9625,16.415,0.55,3.34,0,3,7865.85,244803,1443150.56,16720350,-1763100,7878.45,7923,46781.81,1552725,37500,7895.8,1481,8769.17,114525,24375,Wed,W2,20
12-May-2016,7871.45,7916.05,7849.65,7900.4,7848.85,51.55,0.66,157444918,7171.91,21.33,3.29,1.36,16.9625,17.1675,15.96,16.3275,16.9625,-0.64,-3.74,0,3,7928.2,172530,1023469.26,17043975,323625,7939,6806,40440.77,1639650,86925,7951.4,1868,11124.69,152925,38400,Thu,W2,20
13-May-2016,7881,7881,7784.2,7814.9,7900.4,-85.5,-1.08,185061782,10152.08,21.1,3.26,1.38,16.3275,17.3675,14.195,16.9975,16.3275,0.67,4.1,0,3,7830.55,211856,1244215,16286400,-757575,7842.9,7823,46018.21,1752075,112425,7861.95,1483,8743.96,162975,10050,Fri,W3,20
16-May-2016,7831.2,7873.9,7772.15,7860.75,7814.9,45.85,0.59,211547775,7790.24,21.54,3.28,1.37,16.9975,17.77,16.1675,17.0325,16.9975,0.04,0.21,0,3,7887.2,186817,1098097.75,16198875,-87525,7896.65,8738,51456.14,1846050,93975,7912.75,1367,8054.44,183525,20550,Mon,W3,20
17-May-2016,7896.85,7940.1,7879.7,7890.75,7860.75,30,0.38,189140810,8195.95,21.62,3.29,1.36,17.0325,17.0325,15.735,16.3725,17.0325,-0.66,-3.87,0,3,7907.6,153461,911962.83,16604025,405150,7917.1,9894,58879.2,2016600,170550,7932.75,1530,9120.46,189300,5775,Tue,W3,20
18-May-2016,7846.75,7882.05,7810.75,7870.15,7890.75,-20.6,-0.26,161169418,7333.13,21.57,3.28,1.37,16.3725,16.97,15.99,16.455,16.3725,0.08,0.5,0,3,7879.3,196154,1155195.97,16091700,-512325,7889.4,21119,124471.36,2701125,684525,7905.1,1366,8071.85,199950,10650,Wed,W3,20
19-May-2016,7875.5,7876.2,7766.8,7783.4,7870.15,-86.75,-1.1,175711829,7163.38,21.33,3.24,1.38,16.455,17.4175,15.4175,17.0625,16.455,0.61,3.69,0,3,7785.1,193420,1134820.93,16499400,407700,7794.65,19128,112225.19,3194925,493800,7811.9,1344,7910.03,210000,10050,Thu,W3,20
20-May-2016,7792.2,7812.4,7735.75,7749.7,7783.4,-33.7,-0.43,161889432,6798.89,21.19,3.22,1.39,17.0625,17.0625,14.9825,16.425,17.0625,-0.64,-3.74,0,3,7763.35,162319,948705.15,15625950,-873450,7767.95,19212,112348.42,3652125,457200,7788.65,1408,8253.76,225000,15000,Fri,WX,20
23-May-2016,7813.95,7820.6,7722.2,7731.05,7749.7,-18.65,-0.24,177347948,7141.74,21.13,3.22,1.39,16.425,16.5525,15.1825,16.16,16.425,-0.27,-1.61,0,3,7744.85,192597,1122967.64,14619975,-1005975,7750.9,66088,385442.39,6473400,2821275,7770.35,1837,10741.7,261150,36150,Mon,WX,20
24-May-2016,7738.05,7761.55,7715.8,7748.85,7731.05,17.8,0.23,151538169,6119.23,21.16,3.22,1.39,16.16,16.8875,15.6875,16.22,16.16,0.06,0.37,1,1,7759.3,151066,877531.12,13667175,-952800,7762.1,63957,371685.19,8654850,2181450,7785,1296,7551.56,294075,32925,Tue,WX,20
25-May-2016,7811.8,7941.2,7809.3,7934.9,7748.85,186.05,2.4,181636649,8202.39,22.07,3.3,1.36,16.22,16.22,14.5475,15.52,16.22,-0.7,-4.32,0,1,7943,254189,1503533.13,11506050,-2161125,7953.95,165611,981097.65,14885400,6230550,7964.65,6137,36485.83,502650,208575,Wed,WX,20
26-May-2016,7974.45,8083,7948.5,8069.65,7934.9,134.75,1.7,272456307,12422,22.39,3.36,1.33,15.52,15.52,14.4675,15.325,15.52,-0.2,-1.26,0,1,8062.65,208309,1251699.78,7607175,-3898875,8069.65,169213,1018301.48,19485675,4600275,8084.5,8088,48697.93,899625,396975,Thu,WX,20
27-May-2016,8081.95,8164.2,8077.05,8156.65,8069.65,87,1.08,268963949,10607.22,22.66,3.4,1.32,15.325,15.8575,14.9375,15.26,15.325,-0.07,-0.42,0,1,8172.45,182486,1114798.27,20937900,1452225,8192,6042,36977.88,1038750,139125,8220.6,854,5248.17,39525,39525,Fri,W1,25
30-May-2016,8166.5,8200,8150.8,8178.5,8156.65,21.85,0.27,255086293,9199.38,22.69,3.41,1.31,15.26,16.4425,14.77,15.975,15.26,0.72,4.69,0,1,8194.3,115182,708086.71,21695850,757950,8214.65,3902,24042.8,1095225,56475,8249.4,1320,8167.69,90075,50550,Mon,W1,25
31-May-2016,8209.85,8213.6,8134.3,8160.1,8178.5,-18.4,-0.22,485645737,21491.53,22.6,3.4,1.32,15.975,16.3625,14.3025,16.045,15.975,0.07,0.44,1,3,8190.9,144169,885398.28,21630150,-65700,8211.5,4787,29469.72,1209000,113775,8244.5,553,3418.13,105300,15225,Tue,W1,25
01-Jun-2016,8179.2,8215.35,8171.05,8179.95,8160.1,19.85,0.24,200371829,8408.53,22.65,3.41,1.31,16.045,16.0975,14.72,15.835,16.045,-0.21,-1.31,0,3,8194.55,125472,771709.05,21499350,-130800,8215.1,5423,33440.64,1355925,146925,8249.15,556,3443.44,117075,11775,Wed,W1,25
02-Jun-2016,8156.9,8229.5,8154.75,8218.95,8179.95,39,0.48,187316365,8389.69,22.76,3.43,1.31,15.835,15.9375,14.96,15.0875,15.835,-0.75,-4.72,0,3,8243.25,138830,854011.71,21519600,20250,8263.6,4405,27167.76,1473600,117675,8297.25,900,5582.42,136350,19275,Thu,W1,25
03-Jun-2016,8246.2,8262,8209.85,8220.8,8218.95,1.85,0.02,390652017,10762.52,22.77,3.43,1.31,15.0875,15.3925,14.0475,14.995,15.0875,-0.09,-0.61,0,3,8238.9,111882,692368.87,21192750,-326850,8260.65,4726,29328.27,1622700,149100,8293.5,419,2611.43,141225,4875,Fri,W2,25
06-Jun-2016,8228.75,8234.7,8186.05,8201.05,8220.8,-19.75,-0.24,176885226,7657.92,22.71,3.42,1.31,14.995,15.535,14.1175,15.355,14.995,0.36,2.4,0,3,8229.8,87388,539778.34,20991825,-200925,8255.55,2211,13697.3,1642200,19500,8290.95,417,2593.93,145050,3825,Mon,W2,25
07-Jun-2016,8235.55,8294.95,8216.4,8266.45,8201.05,65.4,0.8,249365706,10462.49,22.69,3.44,1.3,15.355,15.355,14.4025,14.87,15.355,-0.49,-3.16,0,3,8283.15,152776,948497.06,21656100,664275,8309.1,4827,30063.31,1674675,32475,8346.4,1284,8039.29,182250,37200,Tue,W2,25
08-Jun-2016,8285.5,8288.9,8252.05,8273.05,8266.45,6.6,0.08,179710369,7614.02,22.71,3.45,1.3,14.87,15.2875,13.315,15.1425,14.87,0.27,1.83,0,3,8284.2,85867,533368.18,21498000,-158100,8308.95,2685,16725.75,1698150,23475,8345.25,294,1839.91,184350,2100,Wed,W2,25
09-Jun-2016,8273.35,8273.35,8184.6,8203.6,8273.05,-69.45,-0.84,180293039,7973.1,22.52,3.42,1.31,15.1425,15.8325,13.975,15.6725,15.1425,0.53,3.5,0,3,8229.35,139553,862063.03,21503550,5550,8256.75,6032,37380.55,1663275,-34875,8296.1,799,4976.4,197325,12975,Thu,W2,25
10-Jun-2016,8180.25,8265.6,8162.85,8170.05,8203.6,-33.55,-0.41,187757375,7853.83,22.43,3.38,1.28,15.6725,16.27,14.5525,15.97,15.6725,0.3,1.9,0,3,8190.4,206860,1275710.09,21482550,-21000,8220.55,7419,45894.72,1725975,62700,8261.35,908,5646.19,200025,2700,Fri,W3,25
13-Jun-2016,8102.25,8125.25,8063.9,8110.6,8170.05,-59.45,-0.73,174916286,7343.99,22.26,3.36,1.29,15.97,17.0775,15.6575,16.5825,15.97,0.61,3.84,0,3,8130.65,173539,1056170.18,20754075,-728475,8157.35,7764,47409.06,1798125,72150,8198.1,987,6057.35,211425,11400,Mon,W3,25
14-Jun-2016,8134.4,8134.95,8069.5,8108.85,8110.6,-1.75,-0.02,150042362,6003.23,22.26,3.36,1.29,16.5825,17.5375,14.91,17.19,16.5825,0.61,3.66,0,3,8120.55,160367,975254.54,19111350,-1642725,8148.95,6300,38459.23,1842075,43950,8190,570,3494.91,211425,0,Tue,W3,25
15-Jun-2016,8139.4,8213.2,8123.15,8206.6,8108.85,97.75,1.21,174953935,6945.89,22.53,3.4,1.27,17.19,17.63,15.42,17.055,17.19,-0.14,-0.79,0,3,8221.35,155032,950938.57,18571575,-539775,8249.2,7397,45527.64,1907175,65100,8288.95,1706,10554.45,208650,-2775,Wed,W3,25
16-Jun-2016,8180.65,8180.65,8074.45,8140.75,8206.6,-65.85,-0.8,195028743,7764.57,22.35,3.37,1.28,17.055,18.4625,15.775,17.6975,17.055,0.64,3.77,0,3,8158.75,236177,1440534.58,17058750,-1512825,8183.45,10795,66067.74,1923900,16725,8217.3,3358,20597.59,303750,95100,Thu,W3,25
17-Jun-2016,8176.65,8195.25,8135.8,8170.2,8140.75,29.45,0.36,171842760,7741.9,22.43,3.36,1.28,17.6975,17.8975,16.04,17.35,17.6975,-0.35,-1.96,0,3,8174.4,152210,934391.84,17061300,2550,8199.2,7313,45035.23,1950300,26400,8232.15,1536,9497.01,325275,21525,Fri,W4,25
20-Jun-2016,8115.75,8244.15,8107.35,8238.5,8170.2,68.3,0.84,173750792,7392.97,22.62,3.39,1.27,17.35,18.45,16.29,17.5175,17.35,0.17,0.97,0,3,8251.9,200754,1236222.72,17478225,416925,8280.45,12167,75215.57,2133600,183300,8309.65,3328,20661.4,456600,131325,Mon,W4,25
21-Jun-2016,8255.4,8257.25,8202.15,8219.9,8238.5,-18.6,-0.23,141161921,5978.26,22.56,3.38,1.27,17.5175,17.705,16.39,17.26,17.5175,-0.26,-1.47,0,3,8225.1,101659,627286.07,16894200,-584025,8253.8,6045,37428.03,2159025,25425,8282.95,1220,7580.31,516750,60150,Tue,W4,25
22-Jun-2016,8213.65,8238.35,8153.25,8203.7,8219.9,-16.2,-0.2,140268297,6377.69,22.52,3.37,1.27,17.26,18.3125,16.22,18.185,17.26,0.93,5.36,0,3,8205.05,140721,866248.32,15560700,-1333500,8233.45,13685,84540.62,2378775,219750,8263.8,1934,11999.24,562950,46200,Wed,W4,25
23-Jun-2016,8201.15,8285.6,8188.3,8270.45,8203.7,66.75,0.81,158852677,6805.86,22.7,3.4,1.26,18.185,18.8275,16.9925,18.02,18.185,-0.17,-0.91,1,2,8282.25,144451,893653.81,15888150,327450,8310.1,16580,102907.48,2788275,409500,8341.05,2306,14349.33,653625,90675,Thu,W4,25
24-Jun-2016,8029.1,8100.7,7927.05,8088.6,8270.45,-181.85,-2.2,306803641,13263.08,22.2,3.29,1.28,18.02,21.05,16.1525,18.6275,18.02,0.61,3.37,1,1,8086.9,425112,2554763.96,13436025,-2452125,8118.35,60721,366398.64,3583575,795300,8145.3,6721,40707.96,740100,86475,Fri,WX,25
27-Jun-2016,8039.35,8120.65,8039.35,8094.7,8088.6,6.1,0.08,167462711,7614.06,22.22,3.29,1.28,18.6275,19.73,18.3825,18.53,18.6275,-0.1,-0.52,0,1,8104.6,198257,1203591.73,12118500,-1317525,8134.5,57157,348400.98,5871300,2287725,8163.45,3200,19564.03,825900,85800,Mon,WX,25
28-Jun-2016,8096.05,8146.35,8086.85,8127.85,8094.7,33.15,0.41,175724276,7777.39,22.31,3.3,1.28,18.53,18.81,17.445,17.725,18.53,-0.81,-4.34,0,1,8136.05,166179,1013145.9,10755000,-1363500,8166.55,67688,414192.31,8288400,2417100,8193.5,2039,12520.18,885000,59100,Tue,WX,25
29-Jun-2016,8173.1,8212.4,8157.65,8204,8127.85,76.15,0.94,151499716,6940.87,22.52,3.33,1.26,17.725,17.725,15.905,16.155,17.725,-1.57,-8.86,0,1,8204.5,155306,953384.75,8196750,-2558250,8236.65,84363,519858.68,11494350,3205950,8266.55,4035,24949.19,991500,106500,Wed,WX,25
30-Jun-2016,8260.25,8308.15,8242.1,8287.75,8204,83.75,1.02,288031935,12346.32,22.75,3.37,1.25,16.155,16.41,14.655,16.29,16.155,0.14,0.84,0,1,8284.75,222297,1379490.17,5611500,-2585250,8321.05,188219,1172442.81,18424575,6930225,8350.45,5380,33617.69,1168275,176775,Thu,WX,25
01-Jul-2016,8313.05,8356.75,8308.65,8328.35,8287.75,40.6,0.49,170581881,7358.38,22.86,3.38,1.25,16.29,16.3575,15.6525,15.7375,16.29,-0.55,-3.39,0,1,8355.15,122603,768696.91,18754050,329475,8386.3,4054,25513.65,1217400,49125,8427.15,770,4868.25,42000,42000,Fri,W1,19
04-Jul-2016,8376.75,8398.45,8364.7,8370.7,8328.35,42.35,0.51,158955823,6662.92,22.98,3.4,1.24,15.7375,15.965,15.15,15.5775,15.7375,-0.16,-1.02,0,1,8387.35,107343,675805.69,19078800,324750,8420,2706,17099.81,1229250,11850,8459.1,791,5022.77,75150,33150,Mon,W1,19
05-Jul-2016,8379.3,8381.45,8319.95,8335.95,8370.7,-34.75,-0.42,143253937,5976.01,22.88,3.39,1.24,15.5775,15.7,14.8325,15.3625,15.5775,-0.22,-1.38,0,1,8354,111772,700730.15,18927300,-151500,8390.1,2821,17756.94,1237350,8100,8431.1,544,3440.06,89250,14100,Tue,W1,19
07-Jul-2016,8342,8361.95,8317.7,8337.9,8335.95,1.95,0.02,160327315,7592.94,22.89,3.39,1.24,15.3625,15.58,14.285,15.3075,15.3625,-0.06,-0.36,0,1,8358.3,101433,635962.11,18666525,-260775,8394.8,2384,15010.74,1244175,6825,8436.6,622,3935.23,103800,14550,Thu,W1,19
08-Jul-2016,8350,8353.3,8287.55,8323.2,8337.9,-14.7,-0.18,142159935,6886.33,22.85,3.38,1.25,15.3075,15.805,13.9125,15.0825,15.3075,-0.23,-1.47,0,1,8336.45,131519,821180.05,18265125,-401400,8373.35,4306,27007.99,1281150,36975,8411.65,458,2884.74,111900,8100,Fri,W2,19
11-Jul-2016,8413.35,8475.25,8407.05,8467.9,8323.2,144.7,1.74,154399933,7576.69,23.25,3.44,1.23,15.0825,15.0825,13.7575,14.8475,15.0825,-0.24,-1.56,0,1,8489.4,149095,947335.84,19943700,1678575,8524.55,7120,45425.17,1455675,174525,8563.15,1531,9816.85,141600,29700,Mon,W2,19
12-Jul-2016,8502.6,8526.6,8479.2,8521.05,8467.9,53.15,0.63,189339750,7873.74,23.37,3.46,1.22,14.8475,15.03,13.815,14.7825,14.8475,-0.07,-0.44,0,1,8528.75,109220,697329.22,21256800,1313100,8564.55,4774,30607.76,1546950,91275,8603.6,1591,10246.92,192000,50400,Tue,W2,19
13-Jul-2016,8540.45,8550.25,8493.55,8519.5,8521.05,-1.55,-0.02,201492184,8284.38,23.37,3.46,1.22,14.7825,15.405,13.865,15.325,14.7825,0.54,3.67,1,3,8520.05,103989,664489.9,21436500,179700,8554.95,5768,37015.74,1660950,114000,8593.65,1098,7077.8,212475,20475,Wed,W2,19
14-Jul-2016,8515.75,8571.4,8500.7,8565,8519.5,45.5,0.53,158738499,6890.07,23.49,3.48,1.21,15.325,15.9225,14.16,15.61,15.325,0.29,1.86,0,3,8576.55,105038,673745.45,22060950,624450,8613.2,7230,46581.04,1856475,195525,8650.4,1494,9665.18,238200,25725,Thu,W2,19
15-Jul-2016,8565.45,8594.8,8510.05,8541.4,8565,-23.6,-0.28,228598684,12375.84,23.43,3.47,1.21,15.61,16.3225,13.92,15.6375,15.61,0.03,0.18,0,3,8554.85,147492,946835.81,22519425,458475,8591.25,9458,60987.77,2083425,226950,8629.95,2057,13312.95,287700,49500,Fri,W3,19
18-Jul-2016,8564.05,8587.1,8494.35,8508.7,8541.4,-32.7,-0.38,169400452,8200.06,23.34,3.46,1.22,15.6375,16.2025,14.1075,15.9875,15.6375,0.35,2.24,0,3,8520.5,125612,806927.11,22379700,-139725,8556.85,7389,47670.04,2224950,141525,8593.35,4335,28122.75,524025,236325,Mon,W3,19
19-Jul-2016,8514.3,8540.05,8476.7,8528.55,8508.7,19.85,0.23,173050805,7928.14,23.39,3.46,1.22,15.9875,16.23,13.92,15.795,15.9875,-0.19,-1.2,0,3,8540.45,150283,960463.01,22899075,519375,8577.8,11535,74059.43,2524425,299475,8610.5,1436,9252.06,551400,27375,Tue,W3,19
20-Jul-2016,8515.45,8569.9,8512.55,8565.85,8528.55,37.3,0.44,165349380,7936.36,23.49,3.48,1.21,15.795,16.2125,14.1375,15.99,15.795,0.2,1.23,0,3,8584.15,95196,612231.67,23520525,621450,8621.55,9078,58634.38,2857050,332625,8656.4,1151,7464.19,584550,33150,Wed,W3,19
21-Jul-2016,8582.7,8585.25,8503.45,8510.1,8565.85,-55.75,-0.65,154575685,7399.71,23.34,3.46,1.22,15.99,16.1125,14.0275,15.7125,15.99,-0.28,-1.74,0,3,8519.75,122537,785899.04,23127825,-392700,8559.45,10755,69302.91,3042225,185175,8594.5,1646,10644.37,604725,20175,Thu,W3,19
22-Jul-2016,8519.65,8548.95,8489.8,8541.2,8510.1,31.1,0.37,147619642,6504,23.43,3.47,1.21,15.7125,15.955,14.4425,15.4975,15.7125,-0.22,-1.37,0,3,8554.3,120624,772502.69,23262900,135075,8594.2,16809,108119.14,3626925,584700,8633.15,2180,14084.73,614775,10050,Fri,WX,19
25-Jul-2016,8519.95,8641.15,8517.2,8635.65,8541.2,94.45,1.11,154631398,7850.12,23.69,3.44,1.23,15.4975,16.1125,13.5225,15.7175,15.4975,0.22,1.42,0,3,8639.7,180035,1161067.39,21429450,-1833450,8682.1,58450,378957.49,6812700,3185775,8722.25,3357,21846.19,707550,92775,Mon,WX,19
26-Jul-2016,8633.75,8644.9,8577.15,8590.65,8635.65,-45,-0.52,159563469,8765.45,23.56,3.39,1.28,15.7175,16.1475,13.945,15.62,15.7175,-0.1,-0.62,0,3,8592.85,182837,1183290.58,20419575,-1009875,8640.55,108732,707733.95,12979350,6166650,8688.2,4735,30960.03,923775,216225,Tue,WX,19
27-Jul-2016,8599.4,8665,8572.05,8615.8,8590.65,25.15,0.29,189796380,10885.88,23.63,3.4,1.27,15.62,15.67,14.47,15.4275,15.62,-0.19,-1.23,0,3,8614.75,207432,1340130.05,17661225,-2758350,8660.6,112153,728535.38,17736975,4757625,8704.8,4997,32633.32,1107900,184125,Wed,WX,19
28-Jul-2016,8636.95,8674.7,8625.25,8666.3,8615.8,50.5,0.59,240721865,12998.06,23.69,3.42,1.26,15.4275,15.535,12.5925,15.1475,15.4275,-0.28,-1.81,0,3,8661.85,158883,1030469.97,13640925,-4020300,8701.9,119675,779863.51,21852375,4115400,8747.95,9120,59735.47,1586100,478200,Thu,WX,19
29-Jul-2016,8668.3,8670.35,8631.15,8638.5,8666.3,-27.8,-0.32,161935155,8428.8,23.62,3.38,1.27,15.1475,15.23,14.1525,14.9175,15.1475,-0.23,-1.52,0,3,8686.6,107539,700544.13,22176150,323775,8735.15,3479,22791.49,1675200,89100,8772.35,236,1552.26,10650,10650,Fri,W1,19
01-Aug-2016,8654.3,8711.3,8590.5,8636.55,8638.5,-1.95,-0.02,194186858,9881.67,23.61,3.38,1.27,14.9175,15.4775,14.36,15.18,14.9175,0.26,1.76,0,3,8682,161712,1054007.7,22525725,349575,8729.45,7528,49357.82,1823400,148200,8763.7,1321,8693.06,68325,57675,Mon,W1,19
02-Aug-2016,8647.45,8687.2,8611.4,8622.9,8636.55,-13.65,-0.16,174556789,8652.31,23.58,3.38,1.27,15.18,15.7925,13.955,15.6925,15.18,0.51,3.38,0,3,8660.3,122088,794913.82,22811700,285975,8709.35,4324,28310.83,1884450,61050,8744.6,510,3354.77,75000,6675,Tue,W1,19
03-Aug-2016,8635.2,8635.45,8529.6,8544.85,8622.9,-78.05,-0.91,168033073,8507.82,23.36,3.35,1.28,15.6925,16.445,14.295,16.2375,15.6925,0.55,3.47,0,3,8582.55,169582,1094948.1,24006825,1195125,8631.3,6856,44513.22,1951425,66975,8664.15,1169,7622.1,97650,22650,Wed,W1,19
04-Aug-2016,8599.95,8601.4,8518.15,8551.1,8544.85,6.25,0.07,169780463,7399.03,23.38,3.35,1.28,16.2375,16.2375,14.1025,15.14,16.2375,-1.1,-6.76,0,3,8594.4,143202,922038.02,23718750,-288075,8640.85,10732,69481.8,2313675,362250,8672.7,722,4691.46,127800,30150,Thu,W1,19
05-Aug-2016,8600.2,8689.4,8590.15,8683.15,8551.1,132.05,1.54,162784913,7635.01,23.74,3.4,1.26,15.14,15.14,13.6175,14.3525,15.14,-0.79,-5.2,0,3,8708.2,144047,937863.87,23965350,246600,8756,7989,52290.72,2544375,230700,8792.55,1069,7027.76,158250,30450,Fri,W2,19
08-Aug-2016,8712.85,8723.5,8697.6,8711.35,8683.15,28.2,0.32,177877012,7862.15,23.82,3.41,1.26,14.3525,14.8225,13.1125,14.5875,14.3525,0.24,1.64,0,3,8742.3,89213,584991.69,24671175,705825,8789.8,5776,38092.62,2643900,99525,8828,1492,9879.64,214275,56025,Mon,W2,19
09-Aug-2016,8727.8,8728.35,8638.2,8678.25,8711.35,-33.1,-0.38,206261255,9111.4,23.73,3.4,1.26,14.5875,14.96,12.35,14.5375,14.5875,-0.05,-0.34,0,3,8702.55,121323,791829.13,24641925,-29250,8751.45,5843,38354.2,2686725,42825,8787.05,2005,13208.89,216300,2025,Tue,W2,19
10-Aug-2016,8686.7,8690.1,8564.6,8575.3,8678.25,-102.95,-1.19,178963496,8206.18,23.44,3.36,1.28,14.5375,15.25,12.7125,14.9225,14.5375,0.39,2.65,0,3,8598.05,158553,1026287.39,25566900,924975,8649.55,7730,50343.27,2751300,64575,8686.4,2906,18985.65,238275,21975,Wed,W2,19
11-Aug-2016,8572.8,8601.15,8540.05,8592.15,8575.3,16.85,0.2,195114539,8634.8,23.49,3.34,1.26,14.9225,14.9225,13.1725,14.2125,14.9225,-0.71,-4.76,0,3,8612.45,133499,860915.8,25509600,-57300,8660.9,6140,39810.69,2765475,14175,8695.05,1213,7898.12,285300,47025,Thu,W2,19
12-Aug-2016,8605.45,8684.3,8604.45,8672.15,8592.15,80,0.93,272014034,11998.86,23.71,3.36,1.24,14.2125,14.2125,12.3725,13.77,14.2125,-0.44,-3.11,0,3,8678.4,140132,911372.73,24633900,-875700,8727.95,8896,58187.64,3023250,257775,8761.95,1341,8807.28,323925,38625,Fri,W3,19
16-Aug-2016,8670.25,8682.35,8600.45,8642.55,8672.15,-29.6,-0.34,231771409,10937.35,23.63,3.35,1.25,13.77,14.6375,13.14,14.1825,13.77,0.41,3,0,3,8659.9,140465,910858.38,24837600,203700,8708.05,8689,56668.77,3182775,159525,8742.15,2401,15716.88,391425,67500,Tue,W3,19
17-Aug-2016,8639.8,8667.1,8603.6,8624.05,8642.55,-18.5,-0.21,179540691,8161.38,23.58,3.34,1.25,14.1825,14.905,12.7125,14.78,14.1825,0.6,4.21,0,3,8631.4,126929,822743.71,24581025,-256575,8680.15,9915,64661.13,3414975,232200,8714.15,2763,18093.64,511050,119625,Wed,W3,19
18-Aug-2016,8648.85,8690.7,8645.05,8673.25,8624.05,49.2,0.57,169431656,7900.6,23.71,3.36,1.24,14.78,14.78,12.91,14.55,14.78,-0.23,-1.56,0,3,8685.1,129887,846475.07,23846100,-734925,8734.65,22921,150212.25,4484625,1069650,8767.15,2386,15697.18,608400,97350,Thu,W3,19
19-Aug-2016,8694.3,8696.6,8647.1,8666.9,8673.25,-6.35,-0.07,197770568,8354.88,23.7,3.31,1.25,14.55,14.905,12.105,14.5375,14.55,-0.01,-0.09,0,3,8677.25,93335,607402.65,23211375,-634725,8727.1,16838,110247.68,5185425,700800,8759.9,2104,13828.81,655350,46950,Fri,WX,19
22-Aug-2016,8667,8684.85,8614,8629.15,8666.9,-37.75,-0.44,156976546,7394.57,23.59,3.3,1.25,14.5375,15.005,13.27,14.235,14.5375,-0.3,-2.08,0,3,8633.2,197137,1277836.82,18163500,-5047875,8686.2,99306,647649.14,10917900,5732475,8719.3,3497,22881.91,758775,103425,Mon,WX,19
23-Aug-2016,8628.35,8642.15,8580,8632.6,8629.15,3.45,0.04,193302503,7309.82,23.73,3.3,1.25,14.235,14.62,13.06,13.8975,14.235,-0.34,-2.37,0,3,8641.75,229896,1486930.83,12351375,-5812125,8695.3,136912,890940.22,18344475,7426575,8725.9,2921,19078.74,818025,59250,Tue,WX,19
24-Aug-2016,8648.5,8661.05,8620.9,8650.3,8632.6,17.7,0.21,154168043,7199.72,23.78,3.31,1.25,13.8975,14.035,12.39,13.4875,13.8975,-0.41,-2.95,0,3,8654.65,154128,999040.43,9294825,-3056550,8702.75,81767,532936.27,21324900,2980425,8742.25,4401,28812.34,954675,136650,Wed,WX,19
25-Aug-2016,8668.85,8683.05,8583.65,8592.2,8650.3,-58.1,-0.67,219736214,10508.32,23.62,3.29,1.26,13.4875,13.6125,10.9275,13.285,13.4875,-0.2,-1.5,0,3,8596.2,194304,1258881.96,5220225,-4074600,8644.95,163139,1062648.96,26381700,5056800,8684.55,4271,27967.03,1043775,89100,Thu,WX,19
26-Aug-2016,8614.35,8622.95,8547.55,8572.55,8592.2,-19.65,-0.23,152146666,7153.37,23.5,3.27,1.25,13.285,14.205,12.35,13.57,13.285,0.29,2.15,0,3,8625,130050,841438.47,27299175,917475,8664.9,3116,20252.47,1056900,13125,8702,1324,8641.5,73950,73950,Fri,W1,23
29-Aug-2016,8583.75,8622,8543.75,8607.45,8572.55,34.9,0.41,133723771,6857.99,23.6,3.29,1.24,13.57,14.005,12.9375,13.165,13.57,-0.41,-2.98,1,1,8649.75,140642,908985.56,27762675,463500,8687.9,3162,20519.01,1092075,35175,8724.55,1081,7046.55,122400,48450,Mon,W1,23
30-Aug-2016,8646.75,8750.6,8642.25,8744.35,8607.45,136.9,1.59,154828719,8392.76,23.97,3.34,1.22,13.165,13.165,12.2925,13.02,13.165,-0.15,-1.1,0,1,8794.6,176782,1159470.06,30451425,2688750,8833.25,6883,45335.6,1227450,135375,8874.6,1580,10449.83,196350,73950,Tue,W1,23
31-Aug-2016,8754.05,8819.2,8754.05,8786.2,8744.35,41.85,0.48,373422334,22534.29,24.09,3.36,1.22,13.02,13.5425,12.245,13.2425,13.02,0.22,1.71,0,1,8836.15,163435,1082937.89,33023850,2572425,8876.7,5027,33458.37,1286550,59100,8915.15,874,5844.03,234600,38250,Wed,W1,23
01-Sep-2016,8793.6,8813.25,8759.95,8774.65,8786.2,-11.55,-0.13,246336047,9653.93,24.06,3.35,1.22,13.2425,13.68,12.5375,13.34,13.2425,0.1,0.74,0,1,8808.35,109257,723105.17,33625125,601275,8848.5,2791,18556.26,1313250,26700,8889.75,884,5904.86,251325,16725,Thu,W1,23
02-Sep-2016,8796.35,8824.1,8768.2,8809.65,8774.65,35,0.4,197385217,8231.93,24.15,3.36,1.22,13.34,13.445,12.6375,12.94,13.34,-0.4,-3,0,1,8840.15,95337,630697.08,33166725,-458400,8879.5,2920,19407.03,1335150,21900,8920.7,378,2524.37,256275,4950,Fri,W2,23
06-Sep-2016,8852.7,8950.85,8848.45,8943,8809.65,133.35,1.51,201617132,9571.31,24.52,3.42,1.2,12.94,13.18,12.3525,12.75,12.94,-0.19,-1.47,0,1,8961.2,107095,717112.03,33895575,728850,9001.25,6085,40918.52,1434150,99000,9043.55,1986,13420.06,299775,43500,Tue,W2,23
07-Sep-2016,8968.7,8968.7,8913.35,8917.95,8943,-25.05,-0.28,299145644,11430.95,24.45,3.4,1.2,12.75,13.355,11.9475,13.145,12.75,0.4,3.1,1,2,8952.1,102380,688326.49,34004400,108825,8992.05,3609,24375.32,1486500,52350,9039,1319,8949.42,308850,9075,Wed,W2,23
08-Sep-2016,8915.5,8960.35,8896,8952.5,8917.95,34.55,0.39,223937056,10773.98,24.54,3.41,1.2,13.145,13.2325,12.045,13.115,13.145,-0.03,-0.23,0,2,8982.55,93049,625549.43,34347975,343575,9021.05,4104,27708.11,1571250,84750,9063.65,788,5345.66,294150,-14700,Thu,W2,23
09-Sep-2016,8934.3,8939.15,8858.7,8866.7,8952.5,-85.8,-0.96,181344327,9976.28,24.31,3.38,1.21,13.115,13.4525,12.635,13.23,13.115,0.12,0.88,0,2,8903.75,141330,945424.97,33435600,-912375,8943.1,5816,39078.82,1612950,41700,8985.35,1786,12052.38,278475,-15675,Fri,W3,23
12-Sep-2016,8732.95,8746.95,8699.4,8715.6,8866.7,-151.1,-1.7,190199613,9248.73,23.89,3.32,1.23,13.23,15.34,12.7,15.24,13.23,2.01,15.19,0,2,8742.35,185188,1216077.43,32807025,-628575,8782.35,8073,53253.07,1595700,-17250,8821.85,2944,19515.99,274500,-3975,Mon,W3,23
14-Sep-2016,8710.65,8739.85,8688.9,8726.6,8715.6,11,0.13,189984289,9112.57,23.92,3.33,1.23,15.24,15.52,14.2,14.7625,15.24,-0.48,-3.13,1,1,8768.55,114940,754174.47,32624250,-182775,8806.55,4049,26687.67,1619700,24000,8845.75,2218,14681.41,313650,39150,Wed,W3,23
15-Sep-2016,8743.85,8751.95,8704.35,8742.55,8726.6,15.95,0.18,149889703,7347.34,23.97,3.33,1.23,14.7625,15.08,13.44,14.6775,14.7625,-0.09,-0.58,0,1,8773.5,100678,661107.21,32047200,-577050,8812.5,3470,22891.57,1669950,50250,8853.8,600,3976.34,311175,-2475,Thu,W3,23
16-Sep-2016,8780.85,8847.65,8750.5,8779.85,8742.55,37.3,0.43,274039556,14430.63,24.07,3.34,1.26,14.6775,14.95,13.425,14.58,14.6775,-0.1,-0.66,0,1,8808.2,180007,1192050.46,32128125,80925,8846.65,8862,58959.02,1764300,94350,8891.9,2014,13471.89,323700,12525,Fri,W4,23
19-Sep-2016,8788.45,8824.3,8774.2,8808.4,8779.85,28.55,0.33,135814177,7364.64,24.15,3.34,1.25,14.58,15.2025,13.6425,14.94,14.58,0.36,2.47,0,1,8832.1,83130,550445.47,32417100,288975,8870.25,4237,28177.43,1860600,96300,8913.15,1373,9175.62,319200,-4500,Mon,W4,23
20-Sep-2016,8816.1,8816.45,8759.3,8775.9,8808.4,-32.5,-0.37,140718486,7035.07,24.06,3.33,1.26,14.94,15.15,13.77,14.78,14.94,-0.16,-1.07,0,1,8807.2,88745,585956.71,32293200,-123900,8846.35,5630,37343.42,1876725,16125,8886.4,3736,24887.93,483825,164625,Tue,W4,23
21-Sep-2016,8790.3,8826.85,8757.3,8777.15,8775.9,1.25,0.01,153441330,7572.41,24.11,3.33,1.26,14.78,14.9525,13.1675,14.805,14.78,0.03,0.17,0,1,8806.95,128146,848058.59,32424525,131325,8847.75,10065,66919.35,2165325,288600,8887.5,1085,7245.21,491625,7800,Wed,W4,23
22-Sep-2016,8873.35,8893.35,8837.8,8867.45,8777.15,90.3,1.03,178136644,9305.56,24.34,3.37,1.25,14.805,14.805,12.5925,13.34,14.805,-1.47,-9.9,1,2,8884.45,144079,960281.67,32229750,-194775,8925.75,14477,96937.96,2505150,339825,8959.9,1621,10900.64,521400,29775,Thu,W4,23
23-Sep-2016,8880.75,8885.2,8820.3,8831.55,8867.45,-35.9,-0.4,191618169,9793.98,24.24,3.35,1.25,13.34,13.59,12.03,13.2475,13.34,-0.09,-0.69,0,2,8843.65,95560,635363.54,31341150,-888600,8887.4,16383,109480.86,3148950,643800,8923.55,1632,10951.58,527400,6000,Fri,WX,23
26-Sep-2016,8807.9,8809.55,8715.1,8723.05,8831.55,-108.5,-1.23,169050086,8518.5,23.94,3.31,1.27,13.2475,14.785,12.8125,14.565,13.2475,1.32,9.95,0,2,8735.15,211371,1390929.11,24991875,-6349275,8781.7,97158,642851.18,8771325,5622375,8817.4,3369,22376.07,542325,14925,Mon,WX,23
27-Sep-2016,8748.9,8768.5,8690.5,8706.4,8723.05,-16.65,-0.19,156100521,7446.12,23.9,3.3,1.27,14.565,14.565,13.7725,14.25,14.565,-0.32,-2.16,0,2,8716.55,187869,1231846.7,20595825,-4396050,8759,103677,683447.93,13754400,4983075,8795.75,3710,24556.11,632025,89700,Tue,WX,23
28-Sep-2016,8711.2,8767.05,8703.15,8745.15,8706.4,38.75,0.45,170643694,8348.19,23.97,3.32,1.27,14.25,14.3525,13.4925,13.8475,14.25,-0.4,-2.82,0,2,8758.45,145082,951786.92,17271300,-3324525,8802.95,89359,589089.92,17789025,4034625,8843.45,3045,20159.79,729900,97875,Wed,WX,23
29-Sep-2016,8792.7,8800.65,8558.25,8591.25,8745.15,-153.9,-1.76,384395249,19467.3,23.51,3.26,1.29,13.8475,19.125,13.1525,18.45,13.8475,4.6,33.24,0,2,8588.35,308550,2005107.98,12919425,-4351875,8638.25,255200,1666669.04,23823600,6034575,8679.35,9049,59330.28,811875,81975,Thu,WX,23
30-Sep-2016,8581.5,8637.15,8555.2,8611.15,8591.25,19.9,0.23,187333285,8849.27,23.4,3.27,1.29,18.45,18.8475,16.8275,17.18,18.45,-1.27,-6.88,1,1,8640.65,182025,1178128.86,22831200,-992400,8681.25,5894,38316.74,931575,119700,8728.35,1688,11035.1,69825,69825,Fri,W1,18
03-Oct-2016,8666.15,8745.2,8635,8738.1,8611.15,126.95,1.47,141472076,7173.62,23.8,3.31,1.27,17.18,17.18,15.51,15.62,17.18,-1.56,-9.08,0,1,8779.1,162104,1062164.21,21992550,-838650,8819.4,5345,35198.26,1101375,169800,8874.05,1822,12070.45,146700,76875,Mon,W1,18
04-Oct-2016,8770,8783.65,8736.1,8769.15,8738.1,31.05,0.36,189990151,8251.59,23.95,3.33,1.26,15.62,15.715,14.8125,14.9925,15.62,-0.63,-4.02,0,1,8799.7,143540,946472.85,22195500,202950,8842.8,3726,24684.69,1162425,61050,8896.75,1081,7204.03,178125,31425,Tue,W1,18
05-Oct-2016,8806.35,8806.95,8731.4,8743.95,8769.15,-25.2,-0.29,162103951,6866.33,23.43,3.32,1.27,14.9925,15.145,13.905,14.925,14.9925,-0.07,-0.45,1,2,8775.35,110104,725215.9,22296375,100875,8814.95,3411,22565.45,1204950,42525,8872.95,1548,10303.81,216675,38550,Wed,W1,18
06-Oct-2016,8768.7,8781.15,8684.65,8709.55,8743.95,-34.4,-0.39,168713605,8114.93,23.52,3.3,1.27,14.925,15.1225,14.3275,14.835,14.925,-0.09,-0.6,0,2,8731.35,136378,896213.44,22088550,-207825,8771.95,4183,27627.68,1224525,19575,8828.35,1244,8270.94,227925,11250,Thu,W1,18
07-Oct-2016,8721.7,8723.7,8663.8,8697.6,8709.55,-11.95,-0.14,155053800,8144.3,23.49,3.29,1.27,14.835,14.97,13.78,14.485,14.835,-0.35,-2.36,0,2,8722.75,119128,779030.51,21416325,-672225,8763.85,4603,30231.43,1336650,112125,8819.05,824,5446.33,235500,7575,Fri,W2,18
10-Oct-2016,8735.35,8745.8,8703.95,8708.8,8697.6,11.2,0.13,111794053,5159.83,23.34,3.3,1.27,14.485,14.565,13.27,14.285,14.485,-0.2,-1.38,0,2,8739.95,70929,465268.99,21240075,-176250,8778.5,3982,26232.71,1482750,146100,8835.4,428,2837.89,234825,-675,Mon,W2,18
13-Oct-2016,8671.5,8681.55,8541.35,8573.35,8708.8,-135.45,-1.56,218861324,10581.55,23.16,3.25,1.29,14.285,16.0075,14.285,15.425,14.285,1.14,7.98,0,2,8580.45,193034,1246190.74,19803150,-1436925,8621.7,9496,61585.82,1562925,80175,8678.8,2687,17538.84,330825,96000,Thu,W2,18
14-Oct-2016,8594,8604.45,8549.8,8583.4,8573.35,10.05,0.12,167848947,9613.47,22.98,3.25,1.29,15.425,15.425,14.3325,14.8875,15.425,-0.54,-3.48,0,2,8605.1,120818,778584.51,19245975,-557175,8643.35,6479,41948.67,1721100,158175,8699.5,1141,7435.66,339075,8250,Fri,W3,18
17-Oct-2016,8612.95,8615.4,8506.15,8520.4,8583.4,-63,-0.73,203516577,8590.35,23,3.23,1.3,14.8875,16.05,14.3475,15.655,14.8875,0.77,5.16,1,1,8523.9,145581,933211.98,18759150,-486825,8562.45,7532,48485.25,1874325,153225,8621.6,1361,8825.45,358725,19650,Mon,W3,18
18-Oct-2016,8556.05,8685.1,8555.9,8677.9,8520.4,157.5,1.85,216626083,9162.11,23.22,3.29,1.28,15.655,15.655,14.3,14.5375,15.655,-1.12,-7.14,0,1,8679.85,160630,1038881.69,18423825,-335325,8719.05,14342,93122.3,2279250,404925,8774.75,2209,14451.64,373725,15000,Tue,W3,18
19-Oct-2016,8697.5,8698.75,8636.7,8659.1,8677.9,-18.8,-0.22,177397872,7790.01,23.35,3.28,1.28,14.5375,14.9475,13.1525,14.6125,14.5375,0.08,0.52,0,1,8665.25,104460,679132.97,17973075,-450750,8705.3,9249,60405.85,2480100,200850,8760.8,1117,7342.5,394275,20550,Wed,W3,18
20-Oct-2016,8693.35,8727,8678.3,8699.4,8659.1,40.3,0.47,165952091,7120.32,23.46,3.3,1.27,14.6125,14.6125,12.745,14.165,14.6125,-0.45,-3.06,0,1,8705.15,120834,788911.57,18618375,645300,8745.7,13827,90688.76,2992050,511950,8802.45,2922,19284.59,549075,154800,Thu,W3,18
21-Oct-2016,8708.6,8709.1,8652.05,8693.05,8699.4,-6.35,-0.07,162162047,8022.44,23.23,3.29,1.27,14.165,14.35,12.4325,13.83,14.165,-0.34,-2.36,0,1,8700.35,105091,684206.15,18228150,-390225,8742.05,14592,95446.77,3459750,467700,8798.05,1273,8378.2,577500,28425,Fri,WX,18
24-Oct-2016,8709.85,8736.95,8684.15,8708.95,8693.05,15.9,0.18,161966274,6876.28,23.27,3.3,1.27,13.83,14.4475,13.1,14.3325,13.83,0.5,3.63,1,2,8720.25,114831,751147.87,16598025,-1630125,8762.7,42512,279520.95,5375025,1915275,8819.9,1862,12326.37,652875,75375,Mon,WX,18
25-Oct-2016,8721.7,8722.65,8663.45,8691.3,8708.95,-17.65,-0.2,195696479,8718.02,23.23,3.29,1.27,14.3325,14.8125,12.84,14.4825,14.3325,0.15,1.05,0,2,8700.35,154822,1009094.89,14028825,-2569200,8742.45,80496,527181.85,8818575,3443550,8799.35,1954,12879.83,706500,53625,Tue,WX,18
26-Oct-2016,8657.3,8657.3,8596.6,8615.25,8691.3,-76.05,-0.88,226133074,9696.9,23.3,3.26,1.28,14.4825,14.9375,13.6,14.4525,14.4825,-0.03,-0.21,0,2,8616.75,166876,1080520.16,12374400,-1654425,8658,95666,622483.98,12295875,3477300,8715.25,4138,27090.67,810600,104100,Wed,WX,18
27-Oct-2016,8607.1,8624.85,8550.25,8615.25,8615.25,0,0,250336333,12300.53,23.28,3.26,1.28,14.4525,14.82,12.7475,14.085,14.4525,-0.37,-2.54,0,2,8615.2,195890,1261230.16,8084475,-4289925,8655.25,149904,970155.55,17964675,5668800,8708.7,3957,25762.45,875175,64575,Thu,WX,18
28-Oct-2016,8625,8653.75,8581.75,8638,8615.25,22.75,0.26,180906084,8953.72,23.34,3.27,1.28,14.085,14.88,13.4825,14.6525,14.085,0.57,4.03,0,2,8667.4,131406,852673.87,17732100,-232575,8719.6,3987,26030.22,892725,17550,8760.6,875,5738.05,34200,34200,Fri,W1,19
30-Oct-2016,8672.35,8678.25,8616.25,8625.7,8638,-12.3,-0.14,16610872,805.89,23.31,3.27,1.28,14.6525,15.615,14.4675,15.49,14.6525,0.84,5.72,0,2,8629.2,24342,157622.82,17757750,25650,8681.65,716,4664.07,894750,2025,8723.95,174,1139.14,42075,7875,Sun,W1,19
01-Nov-2016,8653.15,8669.6,8614.5,8626.25,8625.7,0.55,0.01,170068995,8441.3,23.31,3.27,1.28,15.49,15.8875,14.3125,15.735,15.49,0.25,1.58,0,2,8651.75,108683,706337.76,17369625,-388125,8704.25,3884,25396.15,985650,90900,8747,1001,6573.77,87675,45600,Tue,W1,19
02-Nov-2016,8542.8,8549.5,8504.85,8514,8626.25,-112.25,-1.3,160130480,7683.07,23.01,3.23,1.3,15.735,17.2625,15.1225,16.7975,15.735,1.06,6.75,0,2,8542.6,136032,872718.12,17215125,-154500,8594.65,5432,35063.44,1004250,18600,8635.25,857,5558.34,112200,24525,Wed,W1,19
03-Nov-2016,8499.85,8537.65,8476.15,8484.95,8514,-29.05,-0.34,175773254,7558.06,22.93,3.21,1.3,16.7975,16.7975,15.485,16.465,16.7975,-0.33,-1.98,0,2,8517.9,120281,769962,17042400,-172725,8569.3,4393,28294.15,1053675,49425,8614.3,1142,7393.84,143100,30900,Thu,W1,19
04-Nov-2016,8503.6,8504,8400.25,8433.75,8484.95,-51.2,-0.6,231783152,11798.48,22.73,3.19,1.31,16.465,17.425,14.6025,16.8475,16.465,0.38,2.32,0,2,8458.2,166025,1055380.64,17247225,204825,8509.9,5676,36285.95,1098375,44700,8549.1,2156,13848.74,226425,83325,Fri,W2,19
07-Nov-2016,8535.75,8535.85,8481.45,8497.05,8433.75,63.3,0.75,178070534,8436.7,22.67,3.22,1.3,16.8475,16.8475,14.935,16.5075,16.8475,-0.34,-2.02,0,2,8520,112007,716806.25,16080075,-1167150,8567,3947,25401.64,1124325,25950,8609.1,1528,9879.02,275475,49050,Mon,W2,19
08-Nov-2016,8540,8559.4,8480.1,8543.55,8497.05,46.5,0.55,201759648,8515.57,22.57,3.24,1.3,16.5075,17.3775,15.0675,16.77,16.5075,0.26,1.59,0,2,8566.55,116708,747751.14,16022775,-57300,8615.55,3704,23870.85,1135200,10875,8655.4,1113,7198.51,323850,48375,Tue,W2,19
09-Nov-2016,8067.5,8476.2,8002.25,8432,8543.55,-111.55,-1.31,323968654,15536.37,22.48,3.19,1.31,16.77,22.79,15.84,16.62,16.77,-0.15,-0.89,1,1,8462.7,457804,2852180.5,16679925,657150,8515.95,24189,151720.81,1249350,114150,8553.4,4763,30022.2,358650,34800,Wed,W2,19
10-Nov-2016,8555.6,8598.45,8510.7,8525.75,8432,93.75,1.11,271196930,12386.39,22.7,3.23,1.3,16.62,16.62,14.235,15.4575,16.62,-1.16,-6.99,1,2,8553.35,185038,1189883.59,17023275,343350,8604.95,9538,61720.97,1263600,14250,8645.8,1490,9682.83,376725,18075,Thu,W2,19
11-Nov-2016,8456.65,8460.6,8284.95,8296.3,8525.75,-229.45,-2.69,275221694,12485.11,22.02,3.14,1.33,15.4575,17.71,14.1675,17.365,15.4575,1.91,12.34,0,2,8327.95,247448,1558007.47,17516325,493050,8381.15,12556,79506.38,1379475,115875,8423.6,2419,15392.84,433650,56925,Fri,W3,19
15-Nov-2016,8284.85,8288.55,8093.2,8108.45,8296.3,-187.85,-2.26,370298063,17387.22,21.37,3.07,1.36,17.365,20.835,16.455,20.145,17.365,2.78,16.01,0,2,8139.55,254311,1561844.43,19533600,2017275,8191.65,18108,111851.31,1708350,328875,8231.75,2787,17319.59,472575,38925,Tue,W3,19
16-Nov-2016,8205.65,8210.05,8089.4,8111.6,8108.45,3.15,0.04,277801233,13705.03,21.62,3.07,1.36,20.145,20.19,16.9025,19.5025,20.145,-0.64,-3.19,0,2,8118.55,195753,1197901.48,18894825,-638775,8167.6,14177,87271.13,1723350,15000,8206.4,2378,14713.44,505725,33150,Wed,W3,19
17-Nov-2016,8105.1,8151.25,8060.3,8079.95,8111.6,-31.65,-0.39,197183084,8713.06,21.49,3.06,1.37,19.5025,19.5025,17.4375,18.71,19.5025,-0.79,-4.06,0,2,8088.35,166024,1010956.83,18795225,-99600,8141.1,14296,87535.86,1779600,56250,8177.5,1733,10664.69,524475,18750,Thu,W3,19
18-Nov-2016,8097.55,8128.95,8048.3,8074.1,8079.95,-5.85,-0.07,166199545,7901.64,21.41,3.06,1.37,18.71,18.71,15.855,17.805,18.71,-0.91,-4.84,0,2,8074.7,152215,923736.65,17458950,-1336275,8121.25,17933,109433.26,2148600,369000,8155.7,4912,30082.03,658200,133725,Fri,WX,19
21-Nov-2016,8102.1,8102.45,7916.4,7929.1,8074.1,-145,-1.8,225608889,9199.11,21.19,3,1.4,17.805,19.765,15.7175,19.0975,17.805,1.29,7.26,1,1,7939.2,223161,1335587.51,16655175,-803775,7977.15,64886,390080.04,4914000,2765400,8012.45,4189,25281.24,710400,52200,Mon,WX,19
22-Nov-2016,7989.15,8019.05,7938.15,8002.3,7929.1,73.2,0.92,216677654,9000.44,21.38,3.03,1.38,19.0975,20.1325,17.945,18.465,19.0975,-0.63,-3.31,0,1,8006.8,191046,1143312.05,15260850,-1394325,8044.95,68215,410078.23,6691500,1777500,8076,2904,17526.68,740475,30075,Tue,WX,19
23-Nov-2016,8051.2,8055.2,7973.1,8033.3,8002.3,31,0.39,186602328,8681.67,21.47,3.04,1.38,18.465,23.0925,16.34,18.04,18.465,-0.43,-2.3,0,1,8024.85,189589,1139849.03,12752475,-2508375,8064.7,86545,522755.93,9187350,2495850,8091.65,3111,18861.69,818325,77850,Wed,WX,19
24-Nov-2016,8011.8,8024.85,7952.55,7965.5,8033.3,-67.8,-0.84,268619026,11868.11,21.29,3.02,1.39,18.04,18.5825,16.64,17.16,18.04,-0.88,-4.88,0,1,7968.2,218779,1309794.08,9314925,-3437550,8013.1,184219,1108296.89,15015450,5828100,8044.95,4107,24806.75,911925,93600,Thu,WX,19
25-Nov-2016,8007.95,8122.25,7976.75,8114.3,7965.5,148.8,1.87,183355873,8920.79,21.52,3.08,1.36,17.16,18.87,16.87,17.6125,17.16,0.45,2.64,0,1,8126.35,162248,983208.81,14147625,-867825,8154.35,3912,23798.31,1007475,95550,,,,,,Fri,W1,25
28-Nov-2016,8080.65,8146.5,8066.5,8126.9,8114.3,12.6,0.16,195595287,8666.87,21.55,3.08,1.36,17.6125,18.6075,16.8175,18.055,17.6125,0.44,2.51,0,1,8150.6,120167,733722.51,14752575,604950,8176.9,3813,23353.32,1081800,74325,,,,,,Mon,W1,25
29-Nov-2016,8131.55,8197.35,8128.7,8142.15,8126.9,15.25,0.19,195618384,8486.32,21.43,3.09,1.36,18.055,18.215,16.515,17.7075,18.055,-0.35,-1.92,0,1,8172.05,134021,823352.82,15091950,339375,8202.2,5592,34478.91,1044525,-37275,,,,,,Tue,W1,25
30-Nov-2016,8172.15,8234.25,8139.25,8224.5,8142.15,82.35,1.01,255725357,14473.78,21.61,3.12,1.34,17.7075,17.9925,16.04,16.85,17.7075,-0.86,-4.84,0,1,8260.35,141525,872663.37,15600150,508200,8294.6,3948,24421.14,1087350,42825,,,,,,Wed,W1,25
01-Dec-2016,8244,8250.8,8185.05,8192.9,8224.5,-31.6,-0.38,162597213,7720.96,21.53,3.11,1.35,16.85,16.89,14.335,16.6875,16.85,-0.16,-0.96,1,3,8212,105795,653494.77,16102125,501975,8247.3,2888,17911.75,1113825,26475,,,,,,Thu,W1,25
02-Dec-2016,8153.55,8159.3,8070.05,8086.8,8192.9,-106.1,-1.3,176767415,8050.5,21.25,3.07,1.37,16.6875,18.19,15.8275,17.9325,16.6875,1.25,7.46,0,3,8108.9,160118,977992.13,15733725,-368400,8144.55,4995,30632.87,1168650,54825,,,,,,Fri,W2,25
05-Dec-2016,8088.75,8141.9,8056.85,8128.75,8086.8,41.95,0.52,130435865,6432.02,21.34,3.08,1.36,17.9325,18.295,16.92,17.2875,17.9325,-0.65,-3.6,0,3,8164.9,125464,765064.77,15520875,-212850,8195.05,4807,29417.53,1256625,87975,,,,,,Mon,W2,25
06-Dec-2016,8153.15,8178.7,8130.85,8143.15,8128.75,14.4,0.18,118854323,5417.56,21.56,3.09,1.36,17.2875,17.355,14.9625,17.105,17.2875,-0.18,-1.06,0,3,8169.05,99946,613578.24,15499725,-21150,8202.25,3498,21559.91,1263450,6825,,,,,,Tue,W2,25
07-Dec-2016,8168.4,8190.45,8077.5,8102.05,8143.15,-41.1,-0.5,175024334,7900.03,21.28,3.07,1.36,17.105,17.11,15.5075,16.845,17.105,-0.26,-1.52,0,3,8123.35,142128,869296.83,15832500,332775,8152.2,6990,42961.35,1428975,165525,,,,,,Wed,W2,25
08-Dec-2016,8152.1,8256.25,8151.75,8246.85,8102.05,144.8,1.79,146857616,7275.01,21.83,3.13,1.34,16.845,16.845,14.1625,15.525,16.845,-1.32,-7.84,0,3,8255.65,145413,898797.88,16865250,1032750,8287.5,6749,41892.9,1521450,92475,,,,,,Thu,W2,25
09-Dec-2016,8271.7,8274.95,8241.95,8261.75,8246.85,14.9,0.18,154344775,6866.81,21.87,3.13,1.34,15.525,15.6375,14.5325,15.0675,15.525,-0.46,-2.95,0,3,8277,91161,565814.37,17151225,285975,8311.15,4605,28696.95,1585350,63900,,,,,,Fri,W3,25
12-Dec-2016,8230.65,8230.65,8154.45,8170.8,8261.75,-90.95,-1.1,111432551,5026.02,21.45,3.1,1.35,15.0675,16.3125,14.215,16.1925,15.0675,1.13,7.47,0,3,8183.4,116984,719832.16,16502925,-648300,8217.7,6778,41881.32,1634025,48675,,,,,,Mon,W3,25
13-Dec-2016,8196.15,8228.85,8155.8,8221.8,8170.8,51,0.62,189739559,8976.54,21.59,3.12,1.34,16.1925,16.4825,13.755,15.9225,16.1925,-0.27,-1.67,0,3,8227.45,96307,592755.59,16960425,457500,8263.4,4965,30674.45,1684125,50100,,,,,,Tue,W3,25
14-Dec-2016,8229.35,8229.4,8165.1,8182.45,8221.8,-39.35,-0.48,149132520,6763.63,21.48,3.1,1.35,15.9225,16.6725,14.43,16.5925,15.9225,0.67,4.21,0,3,8197.65,100519,618416.62,16581150,-379275,8231.6,5476,33826.66,1773375,89250,,,,,,Wed,W3,25
15-Dec-2016,8128.4,8225.9,8121.95,8153.6,8182.45,-28.85,-0.35,187425988,8579.44,21.41,3.09,1.35,16.5925,16.5925,15.255,15.655,16.5925,-0.94,-5.65,1,2,8173.05,188405,1157661.15,15584400,-996750,8207.95,9444,58277.87,1904925,131550,,,,,,Thu,W3,25
16-Dec-2016,8178.2,8178.7,8127.45,8139.45,8153.6,-14.15,-0.17,209268331,9854.07,21.37,3.09,1.36,15.655,15.655,13.445,15.2525,15.655,-0.4,-2.57,0,2,8146.5,107524,657362.07,14874900,-709500,8181.7,7255,44538.42,2141025,236100,,,,,,Fri,W4,25
19-Dec-2016,8126,8132.5,8094.85,8104.35,8139.45,-35.1,-0.43,110669713,5272.2,21.3,3.07,1.36,15.2525,15.585,13.2525,14.8375,15.2525,-0.42,-2.72,0,2,8124.15,63952,390143.43,14570625,-304275,8159.55,6828,41836.87,2390100,249075,,,,,,Mon,W4,25
20-Dec-2016,8110.6,8124.1,8062.75,8082.4,8104.35,-21.95,-0.27,132026742,6296.67,21.24,3.06,1.37,14.8375,14.9275,13.4025,14.5375,14.8375,-0.3,-2.02,0,2,8099.9,104439,634488.16,14405925,-164700,8133.1,11592,70722.27,2678100,288000,,,,,,Tue,W4,25
21-Dec-2016,8105.85,8112.55,8053.25,8061.3,8082.4,-21.1,-0.26,127543733,6304.6,21.16,3.06,1.37,14.5375,14.8575,13.335,14.705,14.5375,0.17,1.15,0,2,8080.65,77520,471045.51,14274225,-131700,8115.2,11958,72946.1,3140925,462825,,,,,,Wed,W4,25
22-Dec-2016,8043.85,8046.45,7964.95,7979.1,8061.3,-82.2,-1.02,126409580,6206.58,21.18,3.03,1.38,14.705,15.7025,12.7625,15.5525,14.705,0.85,5.76,0,2,7996.85,146045,876852.88,12897600,-1376625,8030,38804,233861.81,4876350,1735425,,,,,,Thu,W4,25
23-Dec-2016,7972.5,8022.6,7942.05,7985.75,7979.1,6.65,0.08,127921701,5907.28,21.39,3.03,1.38,15.5525,15.78,12.6125,15.1275,15.5525,-0.43,-2.73,0,2,7995,139593,836572.23,13605525,707925,8027.95,43251,260302.19,7031100,2154750,,,,,,Fri,WX,25
26-Dec-2016,7965.1,7970.05,7893.8,7908.25,7985.75,-77.5,-0.97,110171222,4808.67,21.36,3,1.4,15.1275,16.905,13.435,16.6025,15.1275,1.48,9.75,1,1,7911.3,129296,768036.91,14412375,806850,7942.6,55666,331976.14,9674850,2643750,,,,,,Mon,WX,25
27-Dec-2016,7915.05,8044.65,7903.7,8032.85,7908.25,124.6,1.58,122463312,5282.66,21.7,3.05,1.37,16.6025,16.7625,14.9475,15.0825,16.6025,-1.52,-9.16,0,1,8031.35,178213,1065035.56,13281600,-1130775,8060,74078,444160.44,11568600,1893750,,,,,,Tue,WX,25
28-Dec-2016,8047.55,8100.55,8028.4,8034.85,8032.85,2,0.02,130580701,5816.34,21.71,3.05,1.37,15.0825,15.6275,14.2625,15.5425,15.0825,0.46,3.05,0,1,8031.35,180872,1093453.63,10557750,-2723850,8056.25,99365,602587.5,12744375,1175775,,,,,,Wed,WX,25
29-Dec-2016,8030.6,8111.1,8020.8,8103.6,8034.85,68.75,0.86,183984077,7635.4,21.89,3.07,1.36,15.5425,16.0775,14.6575,15.2825,15.5425,-0.26,-1.67,0,1,8101.3,154135,932327.15,7398000,-3159750,8117.3,123349,748493.72,16142550,3398175,,,,,,Thu,WX,25